concentration,bloc_correlation,bias_std,mean_expertise,panel_size,n_items,seed,n_trios,eie_error,mv_error,mean_abs_pair_corr
0.0,0.9,0.1,0.65,6,300,0,3,0.2106692699910996,0.2003821344977269,0.012782738095238092
0.0,0.9,0.1,0.65,6,300,1,6,0.22270473610955044,0.10453832015826653,0.013140256558264977
0.0,0.9,0.1,0.65,6,300,2,2,0.2055218910807336,0.1743720353914117,0.014084407421738554
0.0,0.9,0.1,0.65,6,300,3,6,0.18687625597870525,0.1625668409827064,0.05025787317314897
0.0,0.9,0.1,0.65,6,300,4,3,0.21905223317839861,0.1350111536484824,0.016426311642997248
0.0,0.9,0.1,0.65,6,300,5,3,0.17172193285171214,0.15787857642574576,0.023516582556435555
0.0,0.9,0.1,0.65,6,300,6,2,0.16464257529604354,0.1342936845682403,0.008784678293650275
0.0,0.9,0.1,0.65,6,300,7,4,0.11074545011655383,0.12582150173430642,0.01260804603044334
0.0,0.9,0.1,0.65,6,300,8,0,nan,nan,nan
0.0,0.9,0.1,0.65,6,300,9,1,0.23478109581697795,0.18676941705144756,0.06291527326327802
0.0,0.9,0.1,0.65,6,300,10,6,0.2001560981400667,0.188437611803415,0.025444140752114885
0.0,0.9,0.1,0.65,6,300,11,6,0.09098808302044309,0.07693444405257178,0.009251792134058282
0.0,0.9,0.1,0.65,6,300,12,6,0.15245421045023688,0.16585119242027738,0.06256893320766606
0.0,0.9,0.1,0.65,6,300,13,0,nan,nan,nan
0.0,0.9,0.1,0.65,6,300,14,5,0.2885943131568397,0.13504947854133026,0.01841015922058555
0.0,0.9,0.1,0.65,6,300,15,6,0.24316327912959998,0.17411633517663694,0.01445876875134474
0.0,0.9,0.1,0.65,6,300,16,1,0.2838046793916217,0.2704406327470358,0.06725203343855088
0.0,0.9,0.1,0.65,6,300,17,1,0.4761464672566153,0.179249594113529,0.021911111111111114
0.0,0.9,0.1,0.65,6,300,18,6,0.16980232752806734,0.16816184285150904,0.012322137071736431
0.0,0.9,0.1,0.65,6,300,19,3,0.16366849484215587,0.16742907134240195,0.0114903217507591
0.0,0.9,0.1,0.65,6,300,20,1,0.18198727824973204,0.09759905087738661,0.011801116548255221
0.0,0.9,0.1,0.65,6,300,21,4,0.2647175896346974,0.17647097967365222,0.05597675514166855
0.0,0.9,0.1,0.65,6,300,22,2,0.18823616037218086,0.19569473789386632,0.012835478217043126
0.0,0.9,0.1,0.65,6,300,23,1,0.15735585151646467,0.12673737533556617,0.01466356554330119
0.0,0.9,0.1,0.75,6,300,0,4,0.2604681026537391,0.22470710466353566,0.05075733418367347
0.0,0.9,0.1,0.75,6,300,1,6,0.05780491057529042,0.05279860915438154,0.008735220453337219
0.0,0.9,0.1,0.75,6,300,2,6,0.14414477540428783,0.10943247622239517,0.04372212003296916
0.0,0.9,0.1,0.75,6,300,3,6,0.06924463217012354,0.06798614587346305,0.011398798820937882
0.0,0.9,0.1,0.75,6,300,4,6,0.10459198599941459,0.09394234923227947,0.01248022705509933
0.0,0.9,0.1,0.75,6,300,5,6,0.121167409160319,0.10152242680298207,0.01846241490506027
0.0,0.9,0.1,0.75,6,300,6,6,0.15182722697518705,0.08670232869176187,0.012376883992742333
0.0,0.9,0.1,0.75,6,300,7,6,0.08017463766133491,0.11124191903887602,0.011581809214275332
0.0,0.9,0.1,0.75,6,300,8,1,0.26962185596970606,0.0834149794264536,0.007765234960511183
0.0,0.9,0.1,0.75,6,300,9,6,0.18917087913009864,0.12259327788180929,0.013805691232964663
0.0,0.9,0.1,0.75,6,300,10,6,0.16692687912085355,0.1524407992057194,0.012810592084559825
0.0,0.9,0.1,0.75,6,300,11,6,0.07197355367373003,0.0606489115484812,0.005139447002475052
0.0,0.9,0.1,0.75,6,300,12,6,0.13505681374824516,0.12121576860966077,0.011840386085699374
0.0,0.9,0.1,0.75,6,300,13,5,0.1299907649579864,0.12014144099351387,0.014215138847086533
0.0,0.9,0.1,0.75,6,300,14,6,0.09753982602761324,0.0863432679255013,0.010913853061676885
0.0,0.9,0.1,0.75,6,300,15,6,0.10691358170835646,0.12017818636371509,0.009728145337633809
0.0,0.9,0.1,0.75,6,300,16,5,0.15740643012631908,0.12086830140850716,0.0070739603582110995
0.0,0.9,0.1,0.75,6,300,17,2,0.19601775143166303,0.061830437446875844,0.010333333333333333
0.0,0.9,0.1,0.75,6,300,18,6,0.1015157398958788,0.09638163658897209,0.007269798819611854
0.0,0.9,0.1,0.75,6,300,19,6,0.1829764924845029,0.1374864574240234,0.016834832363367608
0.0,0.9,0.1,0.75,6,300,20,6,0.11184658822851501,0.07282045332882993,0.01061103035018393
0.0,0.9,0.1,0.75,6,300,21,6,0.11900336213112928,0.08144737150941121,0.012330161116633003
0.0,0.9,0.1,0.75,6,300,22,6,0.18323573520805536,0.11666248423425042,0.01287885561405532
0.0,0.9,0.1,0.75,6,300,23,1,0.07093514053222787,0.07695690268738384,0.011973517639089189
0.0,0.9,0.3,0.65,6,300,0,1,0.2081889331837565,0.18990620490620494,0.014785820578231293
0.0,0.9,0.3,0.65,6,300,1,3,0.1439324172350486,0.09492367732193598,0.012788653383017842
0.0,0.9,0.3,0.65,6,300,2,1,0.23273084286297627,0.18453888086062478,0.06201132528266695
0.0,0.9,0.3,0.65,6,300,3,6,0.1830947499104417,0.15535711294898427,0.05350263076709752
0.0,0.9,0.3,0.65,6,300,4,2,0.25922633189098415,0.13530647601886578,0.016306660784495868
0.0,0.9,0.3,0.65,6,300,5,6,0.21064816558647304,0.17316762595343513,0.014997033135045431
0.0,0.9,0.3,0.65,6,300,6,4,0.35199065426248693,0.13320293813872577,0.010168189287039098
0.0,0.9,0.3,0.65,6,300,7,6,0.20107582695246418,0.14852826594443289,0.045585870405073274
0.0,0.9,0.3,0.65,6,300,8,0,nan,nan,nan
0.0,0.9,0.3,0.65,6,300,9,2,0.28549549884235886,0.25259555583507354,0.0748477981146959
0.0,0.9,0.3,0.65,6,300,10,6,0.2508261496249602,0.1896680156321243,0.02633073538224608
0.0,0.9,0.3,0.65,6,300,11,6,0.16361078374991997,0.1075774712793414,0.008434658140602269
0.0,0.9,0.3,0.65,6,300,12,6,0.19715303776137516,0.17336174391603862,0.009163367024946398
0.0,0.9,0.3,0.65,6,300,13,1,0.2548486731936721,0.23625579672402255,0.055608115095908045
0.0,0.9,0.3,0.65,6,300,14,4,0.16499829891617485,0.11119479091262924,0.018364524546976308
0.0,0.9,0.3,0.65,6,300,15,6,0.1745098488240071,0.16953905406764067,0.046953081422367184
0.0,0.9,0.3,0.65,6,300,16,1,0.41092916288228415,0.1356145916058912,0.007427223760912385
0.0,0.9,0.3,0.65,6,300,17,1,0.19909101709753207,0.2406352301509923,0.023577777777777777
0.0,0.9,0.3,0.65,6,300,18,6,0.1338647449729596,0.15907620903669903,0.013488152744295906
0.0,0.9,0.3,0.65,6,300,19,3,0.29676169835123944,0.17263608750328718,0.010919774575676307
0.0,0.9,0.3,0.65,6,300,20,1,0.24521530047675488,0.23523256473430043,0.06027685073333197
0.0,0.9,0.3,0.65,6,300,21,3,0.18483768865064484,0.15254976040420884,0.02084164060174984
0.0,0.9,0.3,0.65,6,300,22,1,0.2608440491633811,0.2501376733855805,0.057027555649532886
0.0,0.9,0.3,0.65,6,300,23,1,0.20762521881307383,0.13069468905326592,0.013668550431154633
0.0,0.9,0.3,0.75,6,300,0,3,0.2333751195000244,0.21847820208435006,0.06174439306972788
0.0,0.9,0.3,0.75,6,300,1,6,0.0738354705717832,0.06990507854370319,0.009668321187646926
0.0,0.9,0.3,0.75,6,300,2,2,0.16085971546410033,0.1124120172466218,0.012251754591056851
0.0,0.9,0.3,0.75,6,300,3,6,0.08197763323641875,0.08859549298292572,0.010080867615174061
0.0,0.9,0.3,0.75,6,300,4,6,0.14131025782754555,0.11242084924486728,0.012039334801834048
0.0,0.9,0.3,0.75,6,300,5,6,0.13466266772980726,0.11129171578388063,0.01487335969329862
0.0,0.9,0.3,0.75,6,300,6,6,0.1025369902872691,0.07843068007067386,0.014442812433103247
0.0,0.9,0.3,0.75,6,300,7,5,0.10262860011646088,0.10586021627931877,0.008140790909464487
0.0,0.9,0.3,0.75,6,300,8,1,0.2638804853479767,0.07421471801947926,0.007330055320200596
0.0,0.9,0.3,0.75,6,300,9,6,0.17940914004929445,0.12204787355726177,0.011485814962387665
0.0,0.9,0.3,0.75,6,300,10,6,0.09242523851620345,0.12534518190994046,0.01024899334035304
0.0,0.9,0.3,0.75,6,300,11,6,0.089616968795335,0.07479481691199096,0.03554634914241387
0.0,0.9,0.3,0.75,6,300,12,6,0.12316437351200693,0.09010408775187016,0.013453954237662396
0.0,0.9,0.3,0.75,6,300,13,5,0.16749925559421092,0.11543152572863782,0.019354831216159097
0.0,0.9,0.3,0.75,6,300,14,6,0.11456284241335313,0.0837975685274448,0.013053792739330656
0.0,0.9,0.3,0.75,6,300,15,6,0.0925339635626747,0.12358364096410085,0.007689133671179602
0.0,0.9,0.3,0.75,6,300,16,6,0.18640091771283815,0.15469694887143906,0.006447702789232977
0.0,0.9,0.3,0.75,6,300,17,3,0.13172779496139506,0.08057282362355973,0.007725925925925925
0.0,0.9,0.3,0.75,6,300,18,6,0.1254652316377064,0.11958658080358091,0.0062537857342878705
0.0,0.9,0.3,0.75,6,300,19,6,0.1832622766981965,0.1294699263389573,0.01781926192388605
0.0,0.9,0.3,0.75,6,300,20,6,0.08408777932085575,0.07490063777477941,0.00854452884530074
0.0,0.9,0.3,0.75,6,300,21,6,0.10663639835075496,0.09376391936608887,0.013310288549198022
0.0,0.9,0.3,0.75,6,300,22,6,0.14793475032730072,0.10724855126939552,0.018142996771946012
0.0,0.9,0.3,0.75,6,300,23,3,0.15967839848624682,0.1625560263540328,0.021440517872704193
0.0,0.9,0.5,0.65,6,300,0,1,0.16445970299821508,0.21007491789819385,0.013630155187074831
0.0,0.9,0.5,0.65,6,300,1,5,0.21706195432270564,0.09987161685715254,0.011127053042113923
0.0,0.9,0.5,0.65,6,300,2,2,0.23846751048745468,0.1785767550667,0.05408267658212501
0.0,0.9,0.5,0.65,6,300,3,5,0.14935550971323996,0.13980400629765902,0.058418128546732985
0.0,0.9,0.5,0.65,6,300,4,2,0.287768251413684,0.14744766961201308,0.01566515273043508
0.0,0.9,0.5,0.65,6,300,5,6,0.22693719247207564,0.19601353959627552,0.022717537734609234
0.0,0.9,0.5,0.65,6,300,6,2,0.36585331264668675,0.15251374764740502,0.01103914408108806
0.0,0.9,0.5,0.65,6,300,7,4,0.1643244245520396,0.1537873189610566,0.009797018409121143
0.0,0.9,0.5,0.65,6,300,8,0,nan,nan,nan
0.0,0.9,0.5,0.65,6,300,9,0,nan,nan,nan
0.0,0.9,0.5,0.65,6,300,10,6,0.2157289012112152,0.23456938721966272,0.024190970645503615
0.0,0.9,0.5,0.65,6,300,11,5,0.2534357081906359,0.16079976248081163,0.05187381864557009
0.0,0.9,0.5,0.65,6,300,12,6,0.2515017608947712,0.16396580735960406,0.06770722277103193
0.0,0.9,0.5,0.65,6,300,13,0,nan,nan,nan
0.0,0.9,0.5,0.65,6,300,14,4,0.19618042407472314,0.11398307855207199,0.019808667727221185
0.0,0.9,0.5,0.65,6,300,15,6,0.173600895270702,0.20622823860696368,0.010306110159534393
0.0,0.9,0.5,0.65,6,300,16,1,0.3792321479015436,0.2714422508561708,0.006675568924650932
0.0,0.9,0.5,0.65,6,300,17,2,0.1821162586402691,0.19151106293079895,0.0432888888888889
0.0,0.9,0.5,0.65,6,300,18,6,0.13651274632340263,0.16829421946521927,0.013484252867265687
0.0,0.9,0.5,0.65,6,300,19,2,0.2686920214738559,0.19780183679507946,0.012909569549406065
0.0,0.9,0.5,0.65,6,300,20,1,0.2738191018363493,0.2529856173238526,0.04693672665724835
0.0,0.9,0.5,0.65,6,300,21,3,0.27009169808810624,0.1755727265905884,0.017191602799921605
0.0,0.9,0.5,0.65,6,300,22,1,0.08869793547472879,0.22687642091080118,0.015325410361136013
0.0,0.9,0.5,0.65,6,300,23,0,nan,nan,nan
0.0,0.9,0.5,0.75,6,300,0,2,0.2591314826067474,0.23537111156723217,0.04176392431972789
0.0,0.9,0.5,0.75,6,300,1,6,0.05966018709032056,0.06558255897159283,0.008276978497901233
0.0,0.9,0.5,0.75,6,300,2,5,0.1600829492390279,0.13957674778206694,0.04928550877483696
0.0,0.9,0.5,0.75,6,300,3,6,0.09665988185442446,0.10544578951227594,0.009253798414826944
0.0,0.9,0.5,0.75,6,300,4,6,0.14127680874930967,0.10987994503402586,0.010414439463514039
0.0,0.9,0.5,0.75,6,300,5,6,0.13149901906399877,0.13351760605200477,0.012857687394283281
0.0,0.9,0.5,0.75,6,300,6,5,0.07599959664641712,0.08735121062558052,0.012887839232844386
0.0,0.9,0.5,0.75,6,300,7,5,0.17805610179967699,0.13634434522129207,0.0031872194231722002
0.0,0.9,0.5,0.75,6,300,8,2,0.22980599786397413,0.07439364724266381,0.011195669273969732
0.0,0.9,0.5,0.75,6,300,9,6,0.16997987131840434,0.1492897569237501,0.011635321210131527
0.0,0.9,0.5,0.75,6,300,10,6,0.09723299014853648,0.15202481828607545,0.010987349269138082
0.0,0.9,0.5,0.75,6,300,11,6,0.09935656060378441,0.08051855748343906,0.036215341134294254
0.0,0.9,0.5,0.75,6,300,12,6,0.13391908192960508,0.10808105357873045,0.008681925201184269
0.0,0.9,0.5,0.75,6,300,13,5,0.11316891659074439,0.11673916985794541,0.014281303025175931
0.0,0.9,0.5,0.75,6,300,14,6,0.10623816878872318,0.08289347163344914,0.013854689936841089
0.0,0.9,0.5,0.75,6,300,15,6,0.12793302276635019,0.1201617546469833,0.0111016944079664
0.0,0.9,0.5,0.75,6,300,16,5,0.10899314884096174,0.15604301286267716,0.009398610112067616
0.0,0.9,0.5,0.75,6,300,17,4,0.1105458847956598,0.09037707249420437,0.008822222222222223
0.0,0.9,0.5,0.75,6,300,18,6,0.10087358633386634,0.10117299603360029,0.006421385327635327
0.0,0.9,0.5,0.75,6,300,19,5,0.15825032526982483,0.09636051110066553,0.01491853165894213
0.0,0.9,0.5,0.75,6,300,20,6,0.0776105319781125,0.08066672866178179,0.010000955481392002
0.0,0.9,0.5,0.75,6,300,21,6,0.11926162945642294,0.10826071179523923,0.013094419021790942
0.0,0.9,0.5,0.75,6,300,22,6,0.22937600295886698,0.13816303401257346,0.013502026301962665
0.0,0.9,0.5,0.75,6,300,23,1,0.03127061512573526,0.11426405568347284,0.012105157744926258
0.2,0.9,0.1,0.65,6,300,0,2,0.26830935712708825,0.1972334581344084,0.12976137329931972
0.2,0.9,0.1,0.65,6,300,1,6,0.2298984650333946,0.10110855308290585,0.013068137679641233
0.2,0.9,0.1,0.65,6,300,2,4,0.2808816526952478,0.2566169887143929,0.06608166042563435
0.2,0.9,0.1,0.65,6,300,3,5,0.20905624351312305,0.18103698252853043,0.15895628582186536
0.2,0.9,0.1,0.65,6,300,4,6,0.15617932159063022,0.13386984171583935,0.0167088514805273
0.2,0.9,0.1,0.65,6,300,5,1,0.26255959977205956,0.26538828891391797,0.14076474847696027
0.2,0.9,0.1,0.65,6,300,6,0,nan,nan,nan
0.2,0.9,0.1,0.65,6,300,7,6,0.17357077718250827,0.14703682406352706,0.0503736535815739
0.2,0.9,0.1,0.65,6,300,8,4,0.3293847236863247,0.2551337379827531,0.17780779245931808
0.2,0.9,0.1,0.65,6,300,9,6,0.28236119945076416,0.2043057090669509,0.16950074384532762
0.2,0.9,0.1,0.65,6,300,10,6,0.16154106151764056,0.13666019619405026,0.01624147953293797
0.2,0.9,0.1,0.65,6,300,11,5,0.17268747254628575,0.14803259227821491,0.05310315715815909
0.2,0.9,0.1,0.65,6,300,12,6,0.16981815660237087,0.17052089842639973,0.14627077040848915
0.2,0.9,0.1,0.65,6,300,13,2,0.3200974423149451,0.2615822316571637,0.06950403608638084
0.2,0.9,0.1,0.65,6,300,14,6,0.26098953837733396,0.17130878416402895,0.13661831213977543
0.2,0.9,0.1,0.65,6,300,15,6,0.23026044470996687,0.20076159512507794,0.010547836922233307
0.2,0.9,0.1,0.65,6,300,16,1,0.2692204759222791,0.2477885779344043,0.06091015138475042
0.2,0.9,0.1,0.65,6,300,17,2,0.16724380005197276,0.1977412280701754,0.14551111111111112
0.2,0.9,0.1,0.65,6,300,18,6,0.22795015071721467,0.18425462064023035,0.05904751496030877
0.2,0.9,0.1,0.65,6,300,19,1,0.2845515481998693,0.2289044465468307,0.05573068607435588
0.2,0.9,0.1,0.65,6,300,20,2,0.22202526004217354,0.22014333562460217,0.16002842557141198
0.2,0.9,0.1,0.65,6,300,21,2,0.33200903656342307,0.22534689732350338,0.148122096948969
0.2,0.9,0.1,0.65,6,300,22,5,0.2467952193319995,0.21592357375329896,0.009016749703398089
0.2,0.9,0.1,0.65,6,300,23,1,0.28417546797410226,0.2951664813230492,0.15158474873060987
0.2,0.9,0.1,0.75,6,300,0,4,0.1512308065687496,0.15182315815098088,0.014371811224489795
0.2,0.9,0.1,0.75,6,300,1,6,0.11492906572656798,0.1033180939878502,0.009475830362761194
0.2,0.9,0.1,0.75,6,300,2,6,0.16143204493451271,0.15004520625086132,0.14196638922915664
0.2,0.9,0.1,0.75,6,300,3,6,0.1767363399138164,0.16735128617744666,0.00824306396029171
0.2,0.9,0.1,0.75,6,300,4,6,0.11836944557165852,0.1052791810181846,0.014830430741832669
0.2,0.9,0.1,0.75,6,300,5,5,0.10371947703400271,0.10680682272827566,0.10221280207608385
0.2,0.9,0.1,0.75,6,300,6,6,0.10056406467923157,0.09443399577545009,0.009695808724585352
0.2,0.9,0.1,0.75,6,300,7,6,0.12053092917111045,0.09729846070521471,0.007839887661676486
0.2,0.9,0.1,0.75,6,300,8,5,0.13599638458050708,0.14419127925364178,0.14619013910294257
0.2,0.9,0.1,0.75,6,300,9,6,0.2060769838938766,0.14859891197989963,0.010939342316150742
0.2,0.9,0.1,0.75,6,300,10,6,0.13598984328596667,0.12011130739461935,0.00632725439999868
0.2,0.9,0.1,0.75,6,300,11,6,0.0889881961893525,0.08307979226795427,0.023943300941856593
0.2,0.9,0.1,0.75,6,300,12,6,0.20647774150642695,0.12678724428879765,0.00947891076088166
0.2,0.9,0.1,0.75,6,300,13,5,0.1914705454558906,0.12434491329574963,0.05367465313511088
0.2,0.9,0.1,0.75,6,300,14,6,0.14614972484640062,0.12894920761418724,0.04663910856937583
0.2,0.9,0.1,0.75,6,300,15,6,0.10360900046378718,0.107452042288739,0.010215139875032628
0.2,0.9,0.1,0.75,6,300,16,6,0.12238901462920154,0.1473583261536633,0.008868974408222373
0.2,0.9,0.1,0.75,6,300,17,2,0.16913152220210503,0.14542950315893705,0.1044888888888889
0.2,0.9,0.1,0.75,6,300,18,6,0.15308398865392617,0.1370175996741804,0.04493210028733533
0.2,0.9,0.1,0.75,6,300,19,5,0.16457038892521336,0.12475612585075813,0.04205182246576291
0.2,0.9,0.1,0.75,6,300,20,6,0.16584649865742065,0.14833019265278585,0.1240248971151287
0.2,0.9,0.1,0.75,6,300,21,6,0.173986342573072,0.15282815969091698,0.046880709681644726
0.2,0.9,0.1,0.75,6,300,22,6,0.11980922380573315,0.11705605170742084,0.015397474170846746
0.2,0.9,0.1,0.75,6,300,23,5,0.10877321612813629,0.09092782327185323,0.11523349280132665
0.2,0.9,0.3,0.65,6,300,0,1,0.24855793380005028,0.26745340715177135,0.12865911989795917
0.2,0.9,0.3,0.65,6,300,1,6,0.11112062711956039,0.11624468700690203,0.012697181165837748
0.2,0.9,0.3,0.65,6,300,2,1,0.32324944352611157,0.3288372488992617,0.15381239807971706
0.2,0.9,0.3,0.65,6,300,3,6,0.2148534829718937,0.20062298058304054,0.15246557758970428
0.2,0.9,0.3,0.65,6,300,4,6,0.1844219268895394,0.13898972581542804,0.0169477455324747
0.2,0.9,0.3,0.65,6,300,5,1,0.2333523072247691,0.24688244974203877,0.13299721866696737
0.2,0.9,0.3,0.65,6,300,6,0,nan,nan,nan
0.2,0.9,0.3,0.65,6,300,7,6,0.1978938717660604,0.14919346406486436,0.052079645911450034
0.2,0.9,0.3,0.65,6,300,8,2,0.35602855948777423,0.3513240303803259,0.17438575583489616
0.2,0.9,0.3,0.65,6,300,9,2,0.20894875853293723,0.2683932636829925,0.010557866826424669
0.2,0.9,0.3,0.65,6,300,10,6,0.2158837422407293,0.18710148417998684,0.01748406646366436
0.2,0.9,0.3,0.65,6,300,11,3,0.24112673889785996,0.135506530610168,0.012239446551086131
0.2,0.9,0.3,0.65,6,300,12,4,0.16326595440891947,0.18220052408656615,0.14616297697499023
0.2,0.9,0.3,0.65,6,300,13,3,0.3816209890745908,0.20243306501967775,0.023196584990738178
0.2,0.9,0.3,0.65,6,300,14,6,0.22570103280200116,0.17160155827998877,0.13364566470044284
0.2,0.9,0.3,0.65,6,300,15,6,0.2554472452133945,0.17047274408217242,0.013923464693075198
0.2,0.9,0.3,0.65,6,300,16,1,0.30555195354810905,0.19741721283488886,0.01684507379627708
0.2,0.9,0.3,0.65,6,300,17,3,0.26216072177933586,0.18634935096749414,0.13472592592592592
0.2,0.9,0.3,0.65,6,300,18,6,0.21007504295142096,0.19988857942107172,0.05984147285229016
0.2,0.9,0.3,0.65,6,300,19,3,0.215543515592036,0.18756297015773737,0.051137674688177696
0.2,0.9,0.3,0.65,6,300,20,4,0.37356905184489475,0.18019067178862977,0.15845113053923274
0.2,0.9,0.3,0.65,6,300,21,3,0.29001240083653057,0.2521656675027097,0.14628470904595972
0.2,0.9,0.3,0.65,6,300,22,4,0.26044475236473164,0.22162960678080346,0.05755543517519917
0.2,0.9,0.3,0.65,6,300,23,1,0.27646281611892515,0.29218999625557796,0.14227402163865263
0.2,0.9,0.3,0.75,6,300,0,6,0.16874218107858888,0.17336582351944266,0.009606584821428572
0.2,0.9,0.3,0.75,6,300,1,6,0.13354566688564326,0.11513973269386694,0.009687488697119578
0.2,0.9,0.3,0.75,6,300,2,6,0.19457026031468802,0.17685054587584112,0.1336558730689444
0.2,0.9,0.3,0.75,6,300,3,6,0.13282946789781594,0.1352850523994895,0.007018320992726402
0.2,0.9,0.3,0.75,6,300,4,6,0.10344284740522497,0.07638888426862388,0.012861922348874759
0.2,0.9,0.3,0.75,6,300,5,6,0.1118383154298178,0.1231345284680825,0.10480649714729108
0.2,0.9,0.3,0.75,6,300,6,4,0.14000658867564672,0.13580958253985465,0.008599315171355442
0.2,0.9,0.3,0.75,6,300,7,6,0.10873554095041967,0.11150137462366061,0.007074640849766694
0.2,0.9,0.3,0.75,6,300,8,4,0.11625489868681962,0.15937465408078286,0.15110069644686716
0.2,0.9,0.3,0.75,6,300,9,6,0.19171539206023466,0.17295418059092982,0.06059467641635522
0.2,0.9,0.3,0.75,6,300,10,6,0.10944049954486122,0.09354640320137918,0.00821623168823927
0.2,0.9,0.3,0.75,6,300,11,6,0.127362022972958,0.09401960006764004,0.021616403069944057
0.2,0.9,0.3,0.75,6,300,12,6,0.20245035515706575,0.1483435920045883,0.006829858646568044
0.2,0.9,0.3,0.75,6,300,13,3,0.1970944863276488,0.10672209145781462,0.017039331320696325
0.2,0.9,0.3,0.75,6,300,14,6,0.14938074043712116,0.12490826313093166,0.04723968211711393
0.2,0.9,0.3,0.75,6,300,15,6,0.10713362348613924,0.11134544940514646,0.007920680024375652
0.2,0.9,0.3,0.75,6,300,16,6,0.21318947117655448,0.145622970516833,0.011266929106402304
0.2,0.9,0.3,0.75,6,300,17,0,nan,nan,nan
0.2,0.9,0.3,0.75,6,300,18,6,0.15442195154712784,0.13710968158651435,0.04361983922614265
0.2,0.9,0.3,0.75,6,300,19,6,0.12558026489123794,0.11180858033901538,0.03774981604076778
0.2,0.9,0.3,0.75,6,300,20,6,0.20812572536576016,0.16702601200881614,0.13476426909085945
0.2,0.9,0.3,0.75,6,300,21,6,0.14941707467937582,0.13596446780538915,0.04631695137381373
0.2,0.9,0.3,0.75,6,300,22,6,0.14121793900442783,0.11905870739769141,0.011901973658917583
0.2,0.9,0.3,0.75,6,300,23,6,0.1134299880158275,0.10731105756579024,0.11452030903508974
0.2,0.9,0.5,0.65,6,300,0,2,0.2614045903928791,0.27707780629213097,0.06101150616496598
0.2,0.9,0.5,0.65,6,300,1,6,0.12504549438787504,0.12340564552251333,0.012735017885087095
0.2,0.9,0.5,0.65,6,300,2,2,0.3408238744502155,0.2900125388592907,0.14822261519766355
0.2,0.9,0.5,0.65,6,300,3,6,0.229408448333556,0.18264234038010105,0.1539142814222549
0.2,0.9,0.5,0.65,6,300,4,6,0.19037645447882834,0.1305122724951828,0.018561091802973707
0.2,0.9,0.5,0.65,6,300,5,1,0.24825512517789147,0.25595289072797767,0.13209243668559636
0.2,0.9,0.5,0.65,6,300,6,0,nan,nan,nan
0.2,0.9,0.5,0.65,6,300,7,5,0.1587926957647339,0.1603415845493057,0.0525131858250239
0.2,0.9,0.5,0.65,6,300,8,0,nan,nan,nan
0.2,0.9,0.5,0.65,6,300,9,6,0.2886026909068375,0.22658569312489207,0.05033237933176621
0.2,0.9,0.5,0.65,6,300,10,6,0.20623374443405065,0.19718340522226063,0.009756706561857755
0.2,0.9,0.5,0.65,6,300,11,3,0.25426970734447957,0.18410584750666056,0.05989480765405784
0.2,0.9,0.5,0.65,6,300,12,5,0.18088950892930056,0.1878218219797078,0.1309387180036268
0.2,0.9,0.5,0.65,6,300,13,1,0.22361482356945125,0.25038793083118394,0.06015182924046745
0.2,0.9,0.5,0.65,6,300,14,6,0.23017772600546238,0.16342876314895252,0.1369904996256645
0.2,0.9,0.5,0.65,6,300,15,6,0.22910172351726674,0.1933318584040674,0.011501834033441993
0.2,0.9,0.5,0.65,6,300,16,0,nan,nan,nan
0.2,0.9,0.5,0.65,6,300,17,2,0.5856970283069769,0.2731618238019399,0.015725925925925924
0.2,0.9,0.5,0.65,6,300,18,6,0.21600596312586426,0.2007984685448961,0.05769544661772227
0.2,0.9,0.5,0.65,6,300,19,1,0.23654951289104056,0.22381682995434726,0.04335036653131235
0.2,0.9,0.5,0.65,6,300,20,3,0.23015405284351406,0.19672371961888027,0.14858571691816302
0.2,0.9,0.5,0.65,6,300,21,3,0.25437540762967353,0.2188405755814802,0.13029031775724395
0.2,0.9,0.5,0.65,6,300,22,2,0.25234140978810665,0.1730447649742691,0.015224512596560026
0.2,0.9,0.5,0.65,6,300,23,1,0.2802699999582024,0.30059228722935716,0.1369395564014588
0.2,0.9,0.5,0.75,6,300,0,4,0.1793805744824341,0.1159934463574433,0.011202566964285713
0.2,0.9,0.5,0.75,6,300,1,6,0.10674644426363672,0.10603521995519892,0.008554544324162349
0.2,0.9,0.5,0.75,6,300,2,4,0.17793861398309066,0.17053532004233798,0.048560959185735886
0.2,0.9,0.5,0.75,6,300,3,6,0.12528734821093437,0.13140347683325407,0.006518196504464435
0.2,0.9,0.5,0.75,6,300,4,6,0.09534764116029891,0.07414174466396725,0.011766164604820946
0.2,0.9,0.5,0.75,6,300,5,6,0.1552358782546843,0.15923618905365425,0.09815791520102408
0.2,0.9,0.5,0.75,6,300,6,5,0.16639802752935856,0.13681279712781985,0.00844293811499715
0.2,0.9,0.5,0.75,6,300,7,6,0.09791562944117571,0.11394343090885507,0.0036492391317776082
0.2,0.9,0.5,0.75,6,300,8,3,0.1574240258883658,0.18903320770766482,0.14685793145606688
0.2,0.9,0.5,0.75,6,300,9,6,0.17754283228214587,0.17036915478291217,0.009889166046867223
0.2,0.9,0.5,0.75,6,300,10,6,0.18169284570567593,0.15346970987471834,0.011226629679168093
0.2,0.9,0.5,0.75,6,300,11,6,0.1404389105062774,0.12174462737769058,0.018946389594544224
0.2,0.9,0.5,0.75,6,300,12,6,0.19341746695917972,0.1405796017707342,0.007268726762730264
0.2,0.9,0.5,0.75,6,300,13,3,0.27693800649612427,0.10047877253211766,0.01624516649740355
0.2,0.9,0.5,0.75,6,300,14,6,0.16029483921712168,0.13363784331542858,0.047262204283648836
0.2,0.9,0.5,0.75,6,300,15,6,0.08437662283088322,0.0839237631207806,0.0037352354553775156
0.2,0.9,0.5,0.75,6,300,16,6,0.12719432739473954,0.13023642928928128,0.008639213940383621
0.2,0.9,0.5,0.75,6,300,17,4,0.19902094632578418,0.13017981899751946,0.028
0.2,0.9,0.5,0.75,6,300,18,6,0.15346573120633072,0.14087624695752368,0.04351501814108652
0.2,0.9,0.5,0.75,6,300,19,6,0.16109175478826482,0.09961721427711583,0.03955529142102121
0.2,0.9,0.5,0.75,6,300,20,6,0.17747660038489174,0.1364378657582562,0.008493922455860172
0.2,0.9,0.5,0.75,6,300,21,6,0.1482819845123276,0.14508768511802536,0.04544053243657282
0.2,0.9,0.5,0.75,6,300,22,6,0.13031817475872073,0.13372503766467,0.015337961984032396
0.2,0.9,0.5,0.75,6,300,23,6,0.09979561441523664,0.10107262934783934,0.040464534041796875
0.4,0.9,0.1,0.65,6,300,0,1,0.2997468040180087,0.28972132034632037,0.13293819090136053
0.4,0.9,0.1,0.65,6,300,1,3,0.17699102802355923,0.1625772671090079,0.14345016266965468
0.4,0.9,0.1,0.65,6,300,2,4,0.334813910703054,0.33634273886361027,0.15119149636910162
0.4,0.9,0.1,0.65,6,300,3,6,0.27489332139730616,0.24010531197194918,0.15080176904110942
0.4,0.9,0.1,0.65,6,300,4,6,0.20609806127184618,0.16504125069599002,0.1291414071491391
0.4,0.9,0.1,0.65,6,300,5,4,0.30267949272584865,0.30081189092490457,0.13979674179316912
0.4,0.9,0.1,0.65,6,300,6,2,0.3040323275520086,0.30535820149108617,0.055746541376809976
0.4,0.9,0.1,0.65,6,300,7,5,0.31671564804016766,0.20253394174273504,0.1400787016457605
0.4,0.9,0.1,0.65,6,300,8,5,0.3072125377457203,0.3040097016333332,0.16203171137866854
0.4,0.9,0.1,0.65,6,300,9,2,0.4334474788935485,0.2652039000852718,0.18081504977607957
0.4,0.9,0.1,0.65,6,300,10,6,0.2934434613439379,0.20672376726369399,0.061158812391141966
0.4,0.9,0.1,0.65,6,300,11,6,0.20544369524038034,0.18996015461802837,0.0415568447030999
0.4,0.9,0.1,0.65,6,300,12,5,0.25317334604489805,0.19889029471437253,0.14083462658306614
0.4,0.9,0.1,0.65,6,300,13,3,0.25516247223694843,0.22086647546603708,0.10092764222548843
0.4,0.9,0.1,0.65,6,300,14,6,0.24660659695310905,0.2130317895911934,0.1355187167869696
0.4,0.9,0.1,0.65,6,300,15,6,0.19310857451337038,0.20971507849068918,0.11815723669877858
0.4,0.9,0.1,0.65,6,300,16,4,0.21684541841124202,0.2470763119120436,0.1642636135723275
0.4,0.9,0.1,0.65,6,300,17,6,0.3177500984886201,0.2822457280501997,0.14703703703703705
0.4,0.9,0.1,0.65,6,300,18,6,0.21954074183783576,0.18855943301129066,0.05058963287128351
0.4,0.9,0.1,0.65,6,300,19,6,0.23040600800439934,0.21550027082176773,0.050799454665996086
0.4,0.9,0.1,0.65,6,300,20,5,0.35671182655339634,0.33669362154929894,0.15879827740354757
0.4,0.9,0.1,0.65,6,300,21,5,0.23817790804778852,0.1813760853655738,0.1392790942989107
0.4,0.9,0.1,0.65,6,300,22,3,0.25787463417579143,0.2490584917808799,0.16727913527812457
0.4,0.9,0.1,0.65,6,300,23,4,0.2971141832698466,0.30401793544312417,0.14229519412881272
0.4,0.9,0.1,0.75,6,300,0,5,0.21936278931255151,0.1702060095622671,0.11071056547619047
0.4,0.9,0.1,0.75,6,300,1,6,0.1211781951865612,0.11879206971671318,0.048745779235420235
0.4,0.9,0.1,0.75,6,300,2,6,0.22559643717658617,0.21879324615131476,0.1338132948358504
0.4,0.9,0.1,0.75,6,300,3,6,0.2040454275354957,0.1793482056887545,0.11479253033794923
0.4,0.9,0.1,0.75,6,300,4,6,0.10134188175841384,0.10725541934408678,0.10653927075782026
0.4,0.9,0.1,0.75,6,300,5,5,0.16227231793152375,0.1646298373964769,0.10555780595388671
0.4,0.9,0.1,0.75,6,300,6,2,0.11414500090828207,0.05994467130913489,0.011683164881299078
0.4,0.9,0.1,0.75,6,300,7,6,0.1775620674193187,0.16074886543967373,0.1007002642991507
0.4,0.9,0.1,0.75,6,300,8,5,0.186725932759906,0.17200716627574852,0.14241765759380767
0.4,0.9,0.1,0.75,6,300,9,6,0.2418076588200119,0.1987830518076574,0.1597568050681509
0.4,0.9,0.1,0.75,6,300,10,6,0.17801668334205867,0.1652109120977238,0.04845717835043511
0.4,0.9,0.1,0.75,6,300,11,6,0.13410273747735532,0.1054533579165129,0.06407875075139448
0.4,0.9,0.1,0.75,6,300,12,6,0.1548182850187493,0.1402045800894465,0.1187709662118332
0.4,0.9,0.1,0.75,6,300,13,1,0.1758459831963458,0.16500845225017238,0.0709992779074856
0.4,0.9,0.1,0.75,6,300,14,6,0.11401153533190388,0.11160411115240104,0.09399811125137424
0.4,0.9,0.1,0.75,6,300,15,6,0.10468281244010778,0.11992435600196043,0.0685030165206758
0.4,0.9,0.1,0.75,6,300,16,6,0.25059734476971135,0.2229141606860926,0.1468698572524399
0.4,0.9,0.1,0.75,6,300,17,4,0.19574729850264666,0.1975009106074246,0.10267407407407407
0.4,0.9,0.1,0.75,6,300,18,6,0.17045686605753696,0.1623754232829118,0.046017692886015545
0.4,0.9,0.1,0.75,6,300,19,6,0.14976704388884945,0.15123133899806193,0.042398135388367425
0.4,0.9,0.1,0.75,6,300,20,6,0.23926571411912048,0.2323709403386988,0.11950622086634861
0.4,0.9,0.1,0.75,6,300,21,6,0.14476660567314895,0.13111173905940748,0.1197000475222455
0.4,0.9,0.1,0.75,6,300,22,6,0.1663778721148728,0.14531381412346736,0.13061694082530537
0.4,0.9,0.1,0.75,6,300,23,6,0.18445898939820415,0.18582248579754382,0.11440880058691327
0.4,0.9,0.3,0.65,6,300,0,2,0.2502359659699929,0.20429842732353345,0.13135868409863946
0.4,0.9,0.3,0.65,6,300,1,4,0.18050010700214844,0.19446926384720872,0.0690864177937371
0.4,0.9,0.3,0.65,6,300,2,6,0.32696811532882974,0.305857503066055,0.1475278560096631
0.4,0.9,0.3,0.65,6,300,3,6,0.29895917465938754,0.27601021030969614,0.14867598746325258
0.4,0.9,0.3,0.65,6,300,4,6,0.20847586066165621,0.16101512829084683,0.05636498622598283
0.4,0.9,0.3,0.65,6,300,5,6,0.280251104953797,0.28589085582863744,0.1323574772017866
0.4,0.9,0.3,0.65,6,300,6,2,0.3240209515482487,0.35010278914388515,0.14322536084434348
0.4,0.9,0.3,0.65,6,300,7,6,0.2526733401995379,0.19169094559092945,0.13982799638851162
0.4,0.9,0.3,0.65,6,300,8,4,0.32208416617293956,0.32800761937404743,0.15901719264428202
0.4,0.9,0.3,0.65,6,300,9,3,0.430127664218231,0.22154993094746536,0.1754669855136933
0.4,0.9,0.3,0.65,6,300,10,4,0.2925667398893678,0.17443312106156142,0.014249046132500866
0.4,0.9,0.3,0.65,6,300,11,6,0.17530217539630458,0.17663952453667467,0.03634997748337616
0.4,0.9,0.3,0.65,6,300,12,4,0.2211227738715236,0.22081263925277156,0.13633763682475566
0.4,0.9,0.3,0.65,6,300,13,1,0.24982900767217542,0.2504382524730614,0.09915101392106597
0.4,0.9,0.3,0.65,6,300,14,6,0.2377120817398052,0.20372163917774808,0.13639487466593928
0.4,0.9,0.3,0.65,6,300,15,4,0.21086189072690642,0.1864704281228268,0.1151243757280152
0.4,0.9,0.3,0.65,6,300,16,1,0.4168675315938794,0.44117966151667637,0.1587488088248272
0.4,0.9,0.3,0.65,6,300,17,5,0.2955521060610643,0.30089108065554904,0.13306666666666667
0.4,0.9,0.3,0.65,6,300,18,6,0.22459258035761984,0.21078456987089736,0.054555665132588214
0.4,0.9,0.3,0.65,6,300,19,6,0.2119990943977411,0.19129655567924742,0.04913977397337751
0.4,0.9,0.3,0.65,6,300,20,6,0.29004313906229634,0.3043754189981727,0.15608498324495132
0.4,0.9,0.3,0.65,6,300,21,6,0.1607378018401847,0.17186884141280445,0.13997663819949696
0.4,0.9,0.3,0.65,6,300,22,4,0.29577333889577134,0.2691814584689145,0.16745948976883598
0.4,0.9,0.3,0.65,6,300,23,5,0.3021395337030663,0.2708111382066166,0.1318317850757157
0.4,0.9,0.3,0.75,6,300,0,4,0.20300999825730107,0.15691822169250857,0.10215720663265306
0.4,0.9,0.3,0.75,6,300,1,6,0.1279387054131255,0.13249098542507196,0.04554080156176952
0.4,0.9,0.3,0.75,6,300,2,5,0.21343305720147132,0.21612845396152106,0.1236260341413038
0.4,0.9,0.3,0.75,6,300,3,6,0.19651449171850277,0.17766707847925314,0.041836318143387945
0.4,0.9,0.3,0.75,6,300,4,6,0.08906476606074488,0.0983005793794439,0.04250820073834391
0.4,0.9,0.3,0.75,6,300,5,6,0.1864566959092647,0.1781541404182759,0.10697524567814065
0.4,0.9,0.3,0.75,6,300,6,3,0.20312556099161047,0.0773402717639345,0.011733481685021044
0.4,0.9,0.3,0.75,6,300,7,6,0.183114076677385,0.16370602257435773,0.03969475680323962
0.4,0.9,0.3,0.75,6,300,8,4,0.22972883704349206,0.2124557187290881,0.13955237184792732
0.4,0.9,0.3,0.75,6,300,9,6,0.2171289057595129,0.20220757387295263,0.15240208691482757
0.4,0.9,0.3,0.75,6,300,10,6,0.1352765518833187,0.1514498875652239,0.006873463408236317
0.4,0.9,0.3,0.75,6,300,11,6,0.12023400812006686,0.10085489804580676,0.06034117847274384
0.4,0.9,0.3,0.75,6,300,12,6,0.15023518318175436,0.12583116259402774,0.11637118959505689
0.4,0.9,0.3,0.75,6,300,13,1,0.18609924340445996,0.19401453698811966,0.07109513372072024
0.4,0.9,0.3,0.75,6,300,14,6,0.12569711366058936,0.12664700613450686,0.09833251133763493
0.4,0.9,0.3,0.75,6,300,15,6,0.12237357810488787,0.12568171040511567,0.030190547125136663
0.4,0.9,0.3,0.75,6,300,16,6,0.15325735804268625,0.16639306987396707,0.1401658012583093
0.4,0.9,0.3,0.75,6,300,17,1,0.2446392009352267,0.23442945913005261,0.11414074074074072
0.4,0.9,0.3,0.75,6,300,18,6,0.18060352797133308,0.16419541980769267,0.04851408978011543
0.4,0.9,0.3,0.75,6,300,19,6,0.15286301475639924,0.1379897007339448,0.03993084315656534
0.4,0.9,0.3,0.75,6,300,20,6,0.2543468185196316,0.24853275049987508,0.12462558779167776
0.4,0.9,0.3,0.75,6,300,21,6,0.13929422888145546,0.12520516384567199,0.11536132526207936
0.4,0.9,0.3,0.75,6,300,22,6,0.19502706990368182,0.16443919269005222,0.13322310984994876
0.4,0.9,0.3,0.75,6,300,23,6,0.2088326525538916,0.19310706728593774,0.1058557372825377
0.4,0.9,0.5,0.65,6,300,0,3,0.22681244923497548,0.19827316366741324,0.13474941539115645
0.4,0.9,0.5,0.65,6,300,1,4,0.17445785003068082,0.15665009336653013,0.06847124979025533
0.4,0.9,0.5,0.65,6,300,2,5,0.31115087141573194,0.3201602380207251,0.14105433499966788
0.4,0.9,0.5,0.65,6,300,3,6,0.27513988998330186,0.2308603963154239,0.15232075765707973
0.4,0.9,0.5,0.65,6,300,4,6,0.23788334080081275,0.1640419257646272,0.05495124840760787
0.4,0.9,0.5,0.65,6,300,5,6,0.26016725540845115,0.29935383718817654,0.12695660165063063
0.4,0.9,0.5,0.65,6,300,6,1,0.3694095225253843,0.37663989468429715,0.14563308089450272
0.4,0.9,0.5,0.65,6,300,7,6,0.1815478686901043,0.2035708566814469,0.1408062902930565
0.4,0.9,0.5,0.65,6,300,8,3,0.33089922822514467,0.3376011392606823,0.15566521292309965
0.4,0.9,0.5,0.65,6,300,9,2,0.3777567435668028,0.25461071728598184,0.175212444143546
0.4,0.9,0.5,0.65,6,300,10,3,0.2623977073437031,0.21110629953622131,0.0642854438437963
0.4,0.9,0.5,0.65,6,300,11,5,0.1682163361521854,0.1597914445438393,0.09722361480505713
0.4,0.9,0.5,0.65,6,300,12,6,0.24979757221959673,0.19676811474475395,0.13245936962980195
0.4,0.9,0.5,0.65,6,300,13,2,0.2911122282110107,0.230472840134628,0.0918805722573376
0.4,0.9,0.5,0.65,6,300,14,6,0.24001412792733356,0.2071012532181947,0.13446631937429898
0.4,0.9,0.5,0.65,6,300,15,6,0.22174013943535287,0.17789012020400316,0.05414850738756275
0.4,0.9,0.5,0.65,6,300,16,1,0.4210947773215208,0.43205780166144386,0.15054593281528827
0.4,0.9,0.5,0.65,6,300,17,3,0.35802929948531476,0.3249410280591829,0.13330370370370373
0.4,0.9,0.5,0.65,6,300,18,6,0.22688438980117462,0.21080562356703414,0.054555665132588214
0.4,0.9,0.5,0.65,6,300,19,6,0.1899459862018502,0.20142982740277526,0.040484201643304844
0.4,0.9,0.5,0.65,6,300,20,6,0.28474139123326886,0.3060107253886987,0.14289640534250594
0.4,0.9,0.5,0.65,6,300,21,3,0.18509722915272375,0.19177984220350008,0.13124828117110135
0.4,0.9,0.5,0.65,6,300,22,1,0.35355264663452063,0.3584234911603333,0.1524493928260446
0.4,0.9,0.5,0.65,6,300,23,4,0.26861823399515566,0.27437714459181667,0.130826148134472
0.4,0.9,0.5,0.75,6,300,0,3,0.13915889450836758,0.13054192233884332,0.10482102997448979
0.4,0.9,0.5,0.75,6,300,1,6,0.13721025378814614,0.13858182467434374,0.04340975992189803
0.4,0.9,0.5,0.75,6,300,2,4,0.2638855033416347,0.24468328369423392,0.14161591479985874
0.4,0.9,0.5,0.75,6,300,3,6,0.10879575425279721,0.11124814211087895,0.11323794973395089
0.4,0.9,0.5,0.75,6,300,4,6,0.06691812176368431,0.09795501280402787,0.1013165985237388
0.4,0.9,0.5,0.75,6,300,5,5,0.17011964036042268,0.19733056916479266,0.10164646736132578
0.4,0.9,0.5,0.75,6,300,6,3,0.16570186784166185,0.08695101142744845,0.012022362515133021
0.4,0.9,0.5,0.75,6,300,7,6,0.17748353351334104,0.1587646741116752,0.0387281883170878
0.4,0.9,0.5,0.75,6,300,8,4,0.27546433875269694,0.25203207353979545,0.136601780632929
0.4,0.9,0.5,0.75,6,300,9,6,0.18866374852648668,0.18637109432177731,0.147773561131061
0.4,0.9,0.5,0.75,6,300,10,6,0.14621868373301955,0.15542049361324753,0.008206217677698163
0.4,0.9,0.5,0.75,6,300,11,6,0.13505430658556114,0.12376460219288334,0.066599673828288
0.4,0.9,0.5,0.75,6,300,12,6,0.12891103316491978,0.10929883759367363,0.11058990494956776
0.4,0.9,0.5,0.75,6,300,13,2,0.23884772817565764,0.1563462765912156,0.06917065646275661
0.4,0.9,0.5,0.75,6,300,14,6,0.13583387526396712,0.13282680666620844,0.0897763019136984
0.4,0.9,0.5,0.75,6,300,15,6,0.11521732085967257,0.11574260927800996,0.03139205675972446
0.4,0.9,0.5,0.75,6,300,16,5,0.14763929746418636,0.17289929949166155,0.13583274647880456
0.4,0.9,0.5,0.75,6,300,17,3,0.20756057690661792,0.2158798290929137,0.07985185185185185
0.4,0.9,0.5,0.75,6,300,18,6,0.17502837856649725,0.1636613639083989,0.046171880707137125
0.4,0.9,0.5,0.75,6,300,19,6,0.14841113128757405,0.13374045274912796,0.042965916227024135
0.4,0.9,0.5,0.75,6,300,20,6,0.24062869509612006,0.2368975534099407,0.12018730847716741
0.4,0.9,0.5,0.75,6,300,21,6,0.16310281159588655,0.15107342118172787,0.0476846840286704
0.4,0.9,0.5,0.75,6,300,22,6,0.26047129395493845,0.18324141021345983,0.04985792848605886
0.4,0.9,0.5,0.75,6,300,23,6,0.24751841748446177,0.23717704542595017,0.0968857805301066
0.6,0.9,0.1,0.65,6,300,0,6,0.2860029685860751,0.28969553470681736,0.13664819834183675
0.6,0.9,0.1,0.65,6,300,1,6,0.29027570225282584,0.23032979506270831,0.14954275599964853
0.6,0.9,0.1,0.65,6,300,2,6,0.34159222554452057,0.3446866676338391,0.15119149636910162
0.6,0.9,0.1,0.65,6,300,3,6,0.3547417861387825,0.3585397388294233,0.15033774337669528
0.6,0.9,0.1,0.65,6,300,4,5,0.2708140918024232,0.23624795758662076,0.137786145651584
0.6,0.9,0.1,0.65,6,300,5,6,0.26855673183985046,0.27661124760401606,0.13979674179316912
0.6,0.9,0.1,0.65,6,300,6,6,0.3890196613086761,0.3742574148589736,0.14106324165623566
0.6,0.9,0.1,0.65,6,300,7,5,0.2684130976082233,0.30054901622692964,0.14751819012619674
0.6,0.9,0.1,0.65,6,300,8,6,0.3504569588104149,0.3541725472624242,0.16203171137866854
0.6,0.9,0.1,0.65,6,300,9,6,0.37129938339016616,0.38265460222945097,0.17255739905079756
0.6,0.9,0.1,0.65,6,300,10,5,0.355072457927806,0.30946042722065903,0.17369101663241363
0.6,0.9,0.1,0.65,6,300,11,6,0.22329790101527505,0.22617853413865296,0.10719967006351235
0.6,0.9,0.1,0.65,6,300,12,6,0.3188552759664965,0.32161460002787173,0.14259496267759417
0.6,0.9,0.1,0.65,6,300,13,6,0.2489863742202838,0.21732832675119237,0.10868110569863997
0.6,0.9,0.1,0.65,6,300,14,6,0.269560028523105,0.2706943455531183,0.1355187167869696
0.6,0.9,0.1,0.65,6,300,15,6,0.3018537825703251,0.30426417339955864,0.121994018050393
0.6,0.9,0.1,0.65,6,300,16,6,0.3674181010915507,0.3332508112230319,0.1724318079891591
0.6,0.9,0.1,0.65,6,300,17,6,0.28410306712335015,0.2907665880142879,0.14703703703703705
0.6,0.9,0.1,0.65,6,300,18,6,0.3074155006886373,0.30821317187104763,0.1539241989462342
0.6,0.9,0.1,0.65,6,300,19,6,0.2481878016302782,0.24929648570576357,0.13069593452449252
0.6,0.9,0.1,0.65,6,300,20,6,0.3778861201408194,0.3825436383570627,0.15879827740354757
0.6,0.9,0.1,0.65,6,300,21,6,0.295114526361803,0.30335974736682303,0.13710146558910943
0.6,0.9,0.1,0.65,6,300,22,4,0.2459834957232252,0.2566557287180741,0.16479343443259833
0.6,0.9,0.1,0.65,6,300,23,6,0.2976628944360929,0.3031430773348584,0.14229519412881272
0.6,0.9,0.1,0.75,6,300,0,6,0.2036765166726737,0.2107760907386537,0.10906462585034014
0.6,0.9,0.1,0.75,6,300,1,6,0.17523913952918124,0.1782599214881405,0.11954122511849502
0.6,0.9,0.1,0.75,6,300,2,6,0.23916226770722113,0.23130463642264698,0.1338132948358504
0.6,0.9,0.1,0.75,6,300,3,6,0.24889930709938332,0.25217167674606616,0.11639202398347365
0.6,0.9,0.1,0.75,6,300,4,6,0.15104008462234955,0.15109368294518363,0.10612156549453966
0.6,0.9,0.1,0.75,6,300,5,6,0.158507068630916,0.16326479787284376,0.10555780595388671
0.6,0.9,0.1,0.75,6,300,6,6,0.28477758811218445,0.2963858417578775,0.10944360568598688
0.6,0.9,0.1,0.75,6,300,7,6,0.19080633834534952,0.19433870012628932,0.09682884798103873
0.6,0.9,0.1,0.75,6,300,8,6,0.26246126225986033,0.26370876110456226,0.14241765759380767
0.6,0.9,0.1,0.75,6,300,9,6,0.31175239862565823,0.31157153123026443,0.15532658011554332
0.6,0.9,0.1,0.75,6,300,10,6,0.22779583215579902,0.2167644197406985,0.14626662591772757
0.6,0.9,0.1,0.75,6,300,11,5,0.16764798750458842,0.16592568330195787,0.06214852289699103
0.6,0.9,0.1,0.75,6,300,12,6,0.2213968434254281,0.2241272113867633,0.1201998295129919
0.6,0.9,0.1,0.75,6,300,13,6,0.1603804892044392,0.1566188162586273,0.07314234408544801
0.6,0.9,0.1,0.75,6,300,14,6,0.1560562779903016,0.15674460338657975,0.09399811125137424
0.6,0.9,0.1,0.75,6,300,15,6,0.1641151891365248,0.1639847519197201,0.06277582481129779
0.6,0.9,0.1,0.75,6,300,16,6,0.23471684920132607,0.23459025931269697,0.15480247197359653
0.6,0.9,0.1,0.75,6,300,17,6,0.17946203202056113,0.18165637961388692,0.10267407407407407
0.6,0.9,0.1,0.75,6,300,18,6,0.20555197463897587,0.20136472088773452,0.12987218295711886
0.6,0.9,0.1,0.75,6,300,19,6,0.17270849140085034,0.17185053194487687,0.1001180221449452
0.6,0.9,0.1,0.75,6,300,20,6,0.2553937910253225,0.26096348741650194,0.11950622086634861
0.6,0.9,0.1,0.75,6,300,21,6,0.1879873178955248,0.20548858249193525,0.10935100750754807
0.6,0.9,0.1,0.75,6,300,22,6,0.18635265974963386,0.17174749365365582,0.13348838539632693
0.6,0.9,0.1,0.75,6,300,23,6,0.21332122615811142,0.2170542306876303,0.11440880058691327
0.6,0.9,0.3,0.65,6,300,0,6,0.2867875964384096,0.2924222632189865,0.1406699085884354
0.6,0.9,0.3,0.65,6,300,1,6,0.2834166610014553,0.2288938105550535,0.14840102905321798
0.6,0.9,0.3,0.65,6,300,2,6,0.3502934700486476,0.35459948610565717,0.1475278560096631
0.6,0.9,0.3,0.65,6,300,3,6,0.3298937150392308,0.32530664819453897,0.1513649501617689
0.6,0.9,0.3,0.65,6,300,4,6,0.23789281347063637,0.2572776165546346,0.12392176494797923
0.6,0.9,0.3,0.65,6,300,5,6,0.27417052701947414,0.28313121877656566,0.1323574772017866
0.6,0.9,0.3,0.65,6,300,6,6,0.3843183075358547,0.39314378365863795,0.14093161880568691
0.6,0.9,0.3,0.65,6,300,7,6,0.27555386131100224,0.2877301618245263,0.14750307183907094
0.6,0.9,0.3,0.65,6,300,8,6,0.3553435081736873,0.358535429460448,0.15901719264428202
0.6,0.9,0.3,0.65,6,300,9,6,0.3716044145193457,0.37884035495931007,0.16846359725696336
0.6,0.9,0.3,0.65,6,300,10,6,0.33862790581219154,0.3217024597621091,0.166856454438108
0.6,0.9,0.3,0.65,6,300,11,6,0.19908769039530652,0.19935099746413212,0.10005798907004952
0.6,0.9,0.3,0.65,6,300,12,6,0.29603602477408547,0.30347520682142237,0.14249144893418467
0.6,0.9,0.3,0.65,6,300,13,6,0.21685391811301027,0.22512774275466843,0.1045592474561239
0.6,0.9,0.3,0.65,6,300,14,6,0.28010844827562115,0.2852142130156628,0.13639487466593928
0.6,0.9,0.3,0.65,6,300,15,6,0.27870734410500725,0.2821068986323951,0.11956209105526878
0.6,0.9,0.3,0.65,6,300,16,5,0.37104154474060314,0.37385019036636435,0.1658246731045043
0.6,0.9,0.3,0.65,6,300,17,6,0.29606494632745756,0.29923276719126934,0.13306666666666667
0.6,0.9,0.3,0.65,6,300,18,6,0.3103256698494939,0.31693605405865793,0.1550308128332968
0.6,0.9,0.3,0.65,6,300,19,6,0.23731945115799638,0.24057114186937542,0.12639827317707594
0.6,0.9,0.3,0.65,6,300,20,6,0.37861383157391265,0.3888134247332014,0.15608498324495132
0.6,0.9,0.3,0.65,6,300,21,6,0.29444672614496686,0.2986648738044087,0.13342036733491708
0.6,0.9,0.3,0.65,6,300,22,4,0.2670792772357489,0.26652909698573474,0.16498644066410503
0.6,0.9,0.3,0.65,6,300,23,6,0.30461225724169594,0.3089737966233375,0.1318317850757157
0.6,0.9,0.3,0.75,6,300,0,6,0.19808564201740866,0.2035623206794895,0.10475659013605443
0.6,0.9,0.3,0.75,6,300,1,6,0.1709293786240358,0.17388495326904918,0.11138498295057504
0.6,0.9,0.3,0.75,6,300,2,6,0.23667010749275583,0.24064337749436826,0.1236260341413038
0.6,0.9,0.3,0.75,6,300,3,6,0.2073849245752102,0.2135879932977713,0.11324634863245442
0.6,0.9,0.3,0.75,6,300,4,6,0.15080488915121915,0.16971222763351748,0.10447810858387108
0.6,0.9,0.3,0.75,6,300,5,6,0.16451064917172226,0.17459981000603117,0.10697524567814065
0.6,0.9,0.3,0.75,6,300,6,6,0.27677007303038587,0.28839958541836513,0.10849026347231465
0.6,0.9,0.3,0.75,6,300,7,6,0.16872173642346466,0.17298799906608017,0.09910416242777136
0.6,0.9,0.3,0.75,6,300,8,6,0.25298123065093364,0.2547051146797471,0.13955237184792732
0.6,0.9,0.3,0.75,6,300,9,6,0.28215150119544363,0.266152037250242,0.14957559802780804
0.6,0.9,0.3,0.75,6,300,10,6,0.21272807053229667,0.19545653452811496,0.13985529177353984
0.6,0.9,0.3,0.75,6,300,11,6,0.14403761066770052,0.13388562765621356,0.0603811311940764
0.6,0.9,0.3,0.75,6,300,12,6,0.21448300048546962,0.21430217004267937,0.11727183008858856
0.6,0.9,0.3,0.75,6,300,13,6,0.19621223519220918,0.16805067320834308,0.07762149127355969
0.6,0.9,0.3,0.75,6,300,14,6,0.16833674900311504,0.1751332910298485,0.09833251133763493
0.6,0.9,0.3,0.75,6,300,15,6,0.14687130811676585,0.1502033274018764,0.05764958815501134
0.6,0.9,0.3,0.75,6,300,16,6,0.23904281918387135,0.2356968182983191,0.14571170162625244
0.6,0.9,0.3,0.75,6,300,17,2,0.24207301925499924,0.24924096203901996,0.11071851851851851
0.6,0.9,0.3,0.75,6,300,18,6,0.19854240678645876,0.19555133645726708,0.12747742066318454
0.6,0.9,0.3,0.75,6,300,19,6,0.15638833962697554,0.16552631102490586,0.0962194273804366
0.6,0.9,0.3,0.75,6,300,20,6,0.3124051246758257,0.31343672974432985,0.12462558779167776
0.6,0.9,0.3,0.75,6,300,21,6,0.18514704782288313,0.19740923804363453,0.1031340742428782
0.6,0.9,0.3,0.75,6,300,22,6,0.19350998862183103,0.17846555339542403,0.1318980073039274
0.6,0.9,0.3,0.75,6,300,23,6,0.21227331203004085,0.2199602122903089,0.1058557372825377
0.6,0.9,0.5,0.65,6,300,0,6,0.29805721108682265,0.29681671366194634,0.14442376169217688
0.6,0.9,0.5,0.65,6,300,1,6,0.26262188553694243,0.19150120722012276,0.1534385304766208
0.6,0.9,0.5,0.65,6,300,2,6,0.34609310374817825,0.3492677099047255,0.14105433499966788
0.6,0.9,0.5,0.65,6,300,3,6,0.32298243848556535,0.32623805478808837,0.14850966078624697
0.6,0.9,0.5,0.65,6,300,4,6,0.23746496999743602,0.26260988771711374,0.13059850854904204
0.6,0.9,0.5,0.65,6,300,5,6,0.2778639825087006,0.28749442822933674,0.12695660165063063
0.6,0.9,0.5,0.65,6,300,6,6,0.37119969209732906,0.38222199237353577,0.13919497233811462
0.6,0.9,0.5,0.65,6,300,7,6,0.2784267255759324,0.2960373632661703,0.14678634228952872
0.6,0.9,0.5,0.65,6,300,8,6,0.35502550899564445,0.360513885769788,0.15566521292309965
0.6,0.9,0.5,0.65,6,300,9,6,0.3601220422007762,0.351698071953877,0.16617168112780364
0.6,0.9,0.5,0.65,6,300,10,5,0.32041493738254423,0.3189404290648201,0.1466389837841494
0.6,0.9,0.5,0.65,6,300,11,6,0.2608826701973888,0.26934470541400385,0.09573838919655366
0.6,0.9,0.5,0.65,6,300,12,6,0.27967787616267303,0.28790929479127336,0.1379800974313525
0.6,0.9,0.5,0.65,6,300,13,3,0.2600247633413914,0.2697082272435277,0.1501738592974134
0.6,0.9,0.5,0.65,6,300,14,6,0.28333116672371217,0.28877227349655415,0.13446631937429898
0.6,0.9,0.5,0.65,6,300,15,6,0.2539753594089907,0.2579342767889408,0.11829492515649588
0.6,0.9,0.5,0.65,6,300,16,4,0.4117752093862326,0.41358441539517415,0.15592782579060127
0.6,0.9,0.5,0.65,6,300,17,5,0.3247188493754375,0.32801724161381174,0.12937777777777779
0.6,0.9,0.5,0.65,6,300,18,6,0.30669872613834087,0.30748452545588884,0.14991607654868874
0.6,0.9,0.5,0.65,6,300,19,6,0.2230212320685114,0.2273799067765416,0.11868544011743837
0.6,0.9,0.5,0.65,6,300,20,6,0.3906652429188943,0.4065642614363423,0.14289640534250594
0.6,0.9,0.5,0.65,6,300,21,6,0.3012544671422692,0.308500849929864,0.12267955439927813
0.6,0.9,0.5,0.65,6,300,22,3,0.23914205792936524,0.22292082354790868,0.12899849810505273
0.6,0.9,0.5,0.65,6,300,23,6,0.3131447009123725,0.31844937641170684,0.130826148134472
0.6,0.9,0.5,0.75,6,300,0,6,0.1921534947059104,0.19541741412791022,0.10227253401360543
0.6,0.9,0.5,0.75,6,300,1,6,0.16752974679544708,0.16872242997987077,0.10655164585734402
0.6,0.9,0.5,0.75,6,300,2,6,0.2470318085867036,0.24513873895160557,0.14421338589145585
0.6,0.9,0.5,0.75,6,300,3,6,0.19554120919589277,0.19600214107698366,0.1180600632633735
0.6,0.9,0.5,0.75,6,300,4,6,0.16526732722009427,0.17844299417106288,0.10291986431897944
0.6,0.9,0.5,0.75,6,300,5,6,0.1653553724854121,0.17990846906490351,0.10164646736132578
0.6,0.9,0.5,0.75,6,300,6,6,0.26888155460440644,0.2848108919986046,0.12044126988909643
0.6,0.9,0.5,0.75,6,300,7,6,0.18087217298688726,0.1870096544609697,0.09748818114297415
0.6,0.9,0.5,0.75,6,300,8,6,0.24345242302085976,0.2475784840721821,0.136601780632929
0.6,0.9,0.5,0.75,6,300,9,6,0.2665751758038993,0.25920559739893745,0.1479504730026227
0.6,0.9,0.5,0.75,6,300,10,6,0.17716881711641128,0.18281130312018634,0.13720329472495085
0.6,0.9,0.5,0.75,6,300,11,6,0.146577298861172,0.13420381077762644,0.066599673828288
0.6,0.9,0.5,0.75,6,300,12,6,0.20301425757208258,0.2005737239651769,0.11259683193962149
0.6,0.9,0.5,0.75,6,300,13,6,0.18706028435365496,0.20232272437789856,0.07432398084041787
0.6,0.9,0.5,0.75,6,300,14,6,0.173423560707639,0.17751570809223202,0.0897763019136984
0.6,0.9,0.5,0.75,6,300,15,6,0.1302288287923098,0.1316518594658222,0.058424284648127954
0.6,0.9,0.5,0.75,6,300,16,6,0.18171912290339853,0.2098129258499588,0.1394150947455568
0.6,0.9,0.5,0.75,6,300,17,6,0.20313589185281078,0.1997503675916794,0.07985185185185185
0.6,0.9,0.5,0.75,6,300,18,6,0.20344726741396127,0.19941762141028843,0.12188185807643608
0.6,0.9,0.5,0.75,6,300,19,6,0.13894319555239973,0.1415372734107829,0.09527055851166248
0.6,0.9,0.5,0.75,6,300,20,6,0.31256675501590464,0.30900334715335886,0.12473239696156918
0.6,0.9,0.5,0.75,6,300,21,6,0.1714025716494907,0.18206729966703586,0.0879548626152357
0.6,0.9,0.5,0.75,6,300,22,6,0.20222832735453158,0.2057484884213597,0.12958427739242576
0.6,0.9,0.5,0.75,6,300,23,6,0.22679269442692004,0.2330458777899883,0.0968857805301066
0.8,0.9,0.1,0.65,6,300,0,6,0.29328195633578236,0.29940903882204223,0.13664819834183675
0.8,0.9,0.1,0.65,6,300,1,6,0.2852998457952313,0.2911479605156763,0.14954275599964853
0.8,0.9,0.1,0.65,6,300,2,6,0.3313909044070571,0.33416956336857256,0.15119149636910162
0.8,0.9,0.1,0.65,6,300,3,6,0.36227858366829535,0.36489353178829265,0.15033774337669528
0.8,0.9,0.1,0.65,6,300,4,6,0.2341759110582533,0.2435436015105147,0.137786145651584
0.8,0.9,0.1,0.65,6,300,5,6,0.2736772138173013,0.2776659947321688,0.13979674179316912
0.8,0.9,0.1,0.65,6,300,6,6,0.39309770497872637,0.3993456572017437,0.14106324165623566
0.8,0.9,0.1,0.65,6,300,7,6,0.2931987761671779,0.30288368355239326,0.14751819012619674
0.8,0.9,0.1,0.65,6,300,8,6,0.37100992851755593,0.3736930417028665,0.16203171137866854
0.8,0.9,0.1,0.65,6,300,9,6,0.39354745648598194,0.3999564199061127,0.17255739905079756
0.8,0.9,0.1,0.65,6,300,10,6,0.3509550341323516,0.3547608691808109,0.17369101663241363
0.8,0.9,0.1,0.65,6,300,11,6,0.22133617654648974,0.22722438112180932,0.10719967006351235
0.8,0.9,0.1,0.65,6,300,12,6,0.3119156494507325,0.317199764093777,0.14259496267759417
0.8,0.9,0.1,0.65,6,300,13,6,0.23288718397096875,0.2313125389014018,0.10868110569863997
0.8,0.9,0.1,0.65,6,300,14,6,0.28250095115560925,0.2911101114213253,0.1355187167869696
0.8,0.9,0.1,0.65,6,300,15,6,0.2995739485552915,0.30514084972231653,0.121994018050393
0.8,0.9,0.1,0.65,6,300,16,6,0.39162312892288825,0.3958463006798573,0.1724318079891591
0.8,0.9,0.1,0.65,6,300,17,6,0.28575619612124414,0.29116326225060757,0.14703703703703705
0.8,0.9,0.1,0.65,6,300,18,6,0.30486122932804954,0.30861784238607065,0.1539241989462342
0.8,0.9,0.1,0.65,6,300,19,6,0.26832320880039345,0.27754515817404746,0.13069593452449252
0.8,0.9,0.1,0.65,6,300,20,6,0.36777759467916377,0.37161707942248223,0.15879827740354757
0.8,0.9,0.1,0.65,6,300,21,6,0.30057095388916094,0.2966124963325785,0.13710146558910943
0.8,0.9,0.1,0.65,6,300,22,6,0.2572422938978199,0.2691911707949955,0.16479343443259833
0.8,0.9,0.1,0.65,6,300,23,6,0.2937970288351838,0.29939718436887075,0.14229519412881272
0.8,0.9,0.1,0.75,6,300,0,6,0.21210671443040288,0.21870354056569555,0.10906462585034014
0.8,0.9,0.1,0.75,6,300,1,6,0.2093684163067058,0.21064203831400816,0.11954122511849502
0.8,0.9,0.1,0.75,6,300,2,6,0.2341129012146944,0.23566206591746527,0.1338132948358504
0.8,0.9,0.1,0.75,6,300,3,6,0.24237530117230197,0.23819022725559122,0.11639202398347365
0.8,0.9,0.1,0.75,6,300,4,6,0.16707623288656961,0.17946956226712862,0.10612156549453966
0.8,0.9,0.1,0.75,6,300,5,6,0.15510587032613857,0.1588202072711011,0.10555780595388671
0.8,0.9,0.1,0.75,6,300,6,6,0.28684016737795237,0.29728273275798556,0.10944360568598688
0.8,0.9,0.1,0.75,6,300,7,6,0.19059196030674783,0.19416617890885213,0.09682884798103873
0.8,0.9,0.1,0.75,6,300,8,6,0.29678677796572683,0.30030691748396626,0.14241765759380767
0.8,0.9,0.1,0.75,6,300,9,6,0.3194931589265944,0.31622998060504987,0.15532658011554332
0.8,0.9,0.1,0.75,6,300,10,6,0.2399005482359106,0.24542865501001895,0.14626662591772757
0.8,0.9,0.1,0.75,6,300,11,6,0.1368662034740867,0.13391875317451465,0.06214852289699103
0.8,0.9,0.1,0.75,6,300,12,6,0.22469355682252937,0.22758278247490613,0.1201998295129919
0.8,0.9,0.1,0.75,6,300,13,6,0.17898812784726717,0.168278405871476,0.07314234408544801
0.8,0.9,0.1,0.75,6,300,14,6,0.17367510198131267,0.17891435975659875,0.09399811125137424
0.8,0.9,0.1,0.75,6,300,15,6,0.18372129817119331,0.1870897912037269,0.06277582481129779
0.8,0.9,0.1,0.75,6,300,16,6,0.247645147311764,0.25870274084365574,0.15480247197359653
0.8,0.9,0.1,0.75,6,300,17,6,0.17919446166674258,0.18237785695489586,0.10267407407407407
0.8,0.9,0.1,0.75,6,300,18,6,0.21132377445204067,0.21036702035346097,0.12987218295711886
0.8,0.9,0.1,0.75,6,300,19,6,0.195162063014742,0.1990268529692244,0.1001180221449452
0.8,0.9,0.1,0.75,6,300,20,6,0.24410397867040692,0.25003710664003137,0.11950622086634861
0.8,0.9,0.1,0.75,6,300,21,6,0.20673423234027513,0.20990010922040855,0.10935100750754807
0.8,0.9,0.1,0.75,6,300,22,6,0.19885287634259616,0.1963480630422408,0.13348838539632693
0.8,0.9,0.1,0.75,6,300,23,6,0.21625308825715384,0.2191940203150443,0.11440880058691327
0.8,0.9,0.3,0.65,6,300,0,6,0.2927956660496715,0.295743686164603,0.1406699085884354
0.8,0.9,0.3,0.65,6,300,1,6,0.2912569243336642,0.2949103743971007,0.14840102905321798
0.8,0.9,0.3,0.65,6,300,2,6,0.32715418137310603,0.3317049735485996,0.1475278560096631
0.8,0.9,0.3,0.65,6,300,3,6,0.3439548251018771,0.3449447082318775,0.1513649501617689
0.8,0.9,0.3,0.65,6,300,4,6,0.2400910037178068,0.2500721471930204,0.12392176494797923
0.8,0.9,0.3,0.65,6,300,5,6,0.2739616090198577,0.28008029034449705,0.1323574772017866
0.8,0.9,0.3,0.65,6,300,6,6,0.3780160239667673,0.3874443821169132,0.14093161880568691
0.8,0.9,0.3,0.65,6,300,7,6,0.2879118404735423,0.29904148825013893,0.14750307183907094
0.8,0.9,0.3,0.65,6,300,8,6,0.37222447941339865,0.3742217779538161,0.15901719264428202
0.8,0.9,0.3,0.65,6,300,9,6,0.3859032305092039,0.38945641173490153,0.16846359725696336
0.8,0.9,0.3,0.65,6,300,10,6,0.35006068052192557,0.35327631560982153,0.166856454438108
0.8,0.9,0.3,0.65,6,300,11,6,0.21803560858704232,0.22180719893555645,0.10005798907004952
0.8,0.9,0.3,0.65,6,300,12,6,0.29142054478242035,0.29994404066185015,0.14249144893418467
0.8,0.9,0.3,0.65,6,300,13,6,0.24494215443595224,0.24082446978219438,0.1045592474561239
0.8,0.9,0.3,0.65,6,300,14,6,0.28750572586864764,0.29297804352412743,0.13639487466593928
0.8,0.9,0.3,0.65,6,300,15,6,0.2815984163916882,0.28531502667607017,0.11956209105526878
0.8,0.9,0.3,0.65,6,300,16,6,0.39348393900033135,0.39663105464672016,0.1658246731045043
0.8,0.9,0.3,0.65,6,300,17,6,0.30049465372331474,0.30296149974400394,0.13306666666666667
0.8,0.9,0.3,0.65,6,300,18,6,0.2951428194238825,0.2988678429221615,0.1550308128332968
0.8,0.9,0.3,0.65,6,300,19,6,0.2646198990540685,0.2694060494071071,0.12639827317707594
0.8,0.9,0.3,0.65,6,300,20,6,0.3660350670432519,0.374003453143698,0.15608498324495132
0.8,0.9,0.3,0.65,6,300,21,6,0.294658779751872,0.2936122997416741,0.13342036733491708
0.8,0.9,0.3,0.65,6,300,22,6,0.2675102889487781,0.2666125440462113,0.16498644066410503
0.8,0.9,0.3,0.65,6,300,23,6,0.30598148200100095,0.30953119512480876,0.1318317850757157
0.8,0.9,0.3,0.75,6,300,0,6,0.20410325735565535,0.2103972152193463,0.10475659013605443
0.8,0.9,0.3,0.75,6,300,1,6,0.2026097372134367,0.20440968643946955,0.11138498295057504
0.8,0.9,0.3,0.75,6,300,2,6,0.23394447855254796,0.2387677784561615,0.1236260341413038
0.8,0.9,0.3,0.75,6,300,3,6,0.21521499234267208,0.21303332575582845,0.11324634863245442
0.8,0.9,0.3,0.75,6,300,4,6,0.17356685269109562,0.19014527257193456,0.10447810858387108
0.8,0.9,0.3,0.75,6,300,5,6,0.1621167081835506,0.17103980219117568,0.10697524567814065
0.8,0.9,0.3,0.75,6,300,6,6,0.2937011888799889,0.2873176802625051,0.10849026347231465
0.8,0.9,0.3,0.75,6,300,7,6,0.18762567946463435,0.191222000726468,0.09910416242777136
0.8,0.9,0.3,0.75,6,300,8,6,0.3001855540343994,0.3019822683440343,0.13955237184792732
0.8,0.9,0.3,0.75,6,300,9,6,0.29211724229329367,0.2846402312101392,0.14957559802780804
0.8,0.9,0.3,0.75,6,300,10,6,0.23405483024107368,0.23975272444557783,0.13985529177353984
0.8,0.9,0.3,0.75,6,300,11,6,0.15894311657437127,0.1520509137017245,0.0603811311940764
0.8,0.9,0.3,0.75,6,300,12,6,0.2138109073442862,0.21459980061520526,0.11727183008858856
0.8,0.9,0.3,0.75,6,300,13,6,0.17667004470479167,0.18332769891732084,0.07762149127355969
0.8,0.9,0.3,0.75,6,300,14,6,0.18508032182122158,0.19059099823608547,0.09833251133763493
0.8,0.9,0.3,0.75,6,300,15,6,0.17395308992337508,0.17451074407342324,0.05764958815501134
0.8,0.9,0.3,0.75,6,300,16,6,0.2616194986442655,0.2649621318129635,0.14571170162625244
0.8,0.9,0.3,0.75,6,300,17,6,0.2378067431715382,0.23889497201000576,0.11071851851851851
0.8,0.9,0.3,0.75,6,300,18,6,0.20382319837026386,0.20457510517641322,0.12747742066318454
0.8,0.9,0.3,0.75,6,300,19,6,0.1896835021614167,0.19647734510952417,0.0962194273804366
0.8,0.9,0.3,0.75,6,300,20,6,0.2733321898981527,0.27560026958226064,0.12462558779167776
0.8,0.9,0.3,0.75,6,300,21,6,0.20432658204289866,0.20778285488589565,0.1031340742428782
0.8,0.9,0.3,0.75,6,300,22,6,0.18316316679547143,0.17843035685551709,0.1318980073039274
0.8,0.9,0.3,0.75,6,300,23,6,0.20960709447587877,0.21797157088454389,0.1058557372825377
0.8,0.9,0.5,0.65,6,300,0,6,0.2997060245024889,0.29897347911873184,0.14442376169217688
0.8,0.9,0.5,0.65,6,300,1,6,0.2897511592237771,0.2958721348662962,0.1534385304766208
0.8,0.9,0.5,0.65,6,300,2,6,0.3331125331624463,0.3380276312964184,0.14105433499966788
0.8,0.9,0.5,0.65,6,300,3,6,0.32072716598908396,0.32447121122074196,0.14850966078624697
0.8,0.9,0.5,0.65,6,300,4,6,0.23134652585058713,0.25528519002032224,0.13059850854904204
0.8,0.9,0.5,0.65,6,300,5,6,0.2781816149665796,0.2842056400196442,0.12695660165063063
0.8,0.9,0.5,0.65,6,300,6,6,0.37951103314742807,0.38673505633987126,0.13919497233811462
0.8,0.9,0.5,0.65,6,300,7,6,0.28312269324719197,0.2958112445099336,0.14678634228952872
0.8,0.9,0.5,0.65,6,300,8,6,0.35921876073455333,0.36681955072194145,0.15566521292309965
0.8,0.9,0.5,0.65,6,300,9,6,0.36960792162703376,0.37590078842635116,0.16617168112780364
0.8,0.9,0.5,0.65,6,300,10,6,0.334976069066453,0.34086081954481945,0.1466389837841494
0.8,0.9,0.5,0.65,6,300,11,6,0.20411339837189155,0.20301549638647376,0.09573838919655366
0.8,0.9,0.5,0.65,6,300,12,6,0.2789240669940794,0.28821090631428553,0.1379800974313525
0.8,0.9,0.5,0.65,6,300,13,6,0.2553137438270167,0.257476017425806,0.1501738592974134
0.8,0.9,0.5,0.65,6,300,14,6,0.28944019479654415,0.2954388294973731,0.13446631937429898
0.8,0.9,0.5,0.65,6,300,15,6,0.2562165549452801,0.25990467879788265,0.11829492515649588
0.8,0.9,0.5,0.65,6,300,16,6,0.3880035299309304,0.39034094475262743,0.15592782579060127
0.8,0.9,0.5,0.65,6,300,17,6,0.32679473395074266,0.33255816690915846,0.12937777777777779
0.8,0.9,0.5,0.65,6,300,18,6,0.31862979027693344,0.3257675926203864,0.14991607654868874
0.8,0.9,0.5,0.65,6,300,19,6,0.2596609395006782,0.2655311351388094,0.11868544011743837
0.8,0.9,0.5,0.65,6,300,20,6,0.364890515152047,0.37496597177378144,0.14289640534250594
0.8,0.9,0.5,0.65,6,300,21,6,0.29315595244918446,0.30075525922755225,0.12267955439927813
0.8,0.9,0.5,0.65,6,300,22,6,0.2909333789082533,0.2863802977764545,0.12899849810505273
0.8,0.9,0.5,0.65,6,300,23,6,0.3072397292001601,0.31496323610389654,0.130826148134472
0.8,0.9,0.5,0.75,6,300,0,6,0.197317528410603,0.20376406582761333,0.10227253401360543
0.8,0.9,0.5,0.75,6,300,1,6,0.20845441800516218,0.20638085420872057,0.10655164585734402
0.8,0.9,0.5,0.75,6,300,2,6,0.22969884721855371,0.23220876622238137,0.14421338589145585
0.8,0.9,0.5,0.75,6,300,3,6,0.19552658615406251,0.2029227215993714,0.1180600632633735
0.8,0.9,0.5,0.75,6,300,4,6,0.1807251444238235,0.1971802423687873,0.10291986431897944
0.8,0.9,0.5,0.75,6,300,5,6,0.16269880763088923,0.17534543568186609,0.10164646736132578
0.8,0.9,0.5,0.75,6,300,6,6,0.2748862988065749,0.28756654094519335,0.12044126988909643
0.8,0.9,0.5,0.75,6,300,7,6,0.1848758949938457,0.18978620005590566,0.09748818114297415
0.8,0.9,0.5,0.75,6,300,8,6,0.2946484739915424,0.2927790613801364,0.136601780632929
0.8,0.9,0.5,0.75,6,300,9,6,0.2722481814396848,0.2707138495583706,0.1479504730026227
0.8,0.9,0.5,0.75,6,300,10,6,0.24202560246035923,0.23996106821990534,0.13720329472495085
0.8,0.9,0.5,0.75,6,300,11,6,0.155085232649406,0.1472417843316929,0.066599673828288
0.8,0.9,0.5,0.75,6,300,12,6,0.19824658362992587,0.1997140097493343,0.11259683193962149
0.8,0.9,0.5,0.75,6,300,13,6,0.19858172128789245,0.20295300432307695,0.07432398084041787
0.8,0.9,0.5,0.75,6,300,14,6,0.18426987368161926,0.19105693351555023,0.0897763019136984
0.8,0.9,0.5,0.75,6,300,15,6,0.15125556010140673,0.14830570661888406,0.058424284648127954
0.8,0.9,0.5,0.75,6,300,16,6,0.23082359429474575,0.241079282882682,0.1394150947455568
0.8,0.9,0.5,0.75,6,300,17,6,0.20210598844550412,0.208261046964074,0.07985185185185185
0.8,0.9,0.5,0.75,6,300,18,6,0.2077718416452464,0.20764203702527864,0.12188185807643608
0.8,0.9,0.5,0.75,6,300,19,6,0.1784322497252382,0.18711330756779576,0.09527055851166248
0.8,0.9,0.5,0.75,6,300,20,6,0.2814674854151051,0.2858319158069779,0.12062560144141193
0.8,0.9,0.5,0.75,6,300,21,6,0.18879391188593542,0.1888012708895317,0.0879548626152357
0.8,0.9,0.5,0.75,6,300,22,6,0.1995104048610358,0.19910503175508212,0.12958427739242576
0.8,0.9,0.5,0.75,6,300,23,6,0.22901489930445715,0.23817490366066052,0.0968857805301066
1.0,0.9,0.1,0.65,6,300,0,6,0.29539431597757404,0.2966971364917953,0.13664819834183675
1.0,0.9,0.1,0.65,6,300,1,6,0.2874153147317312,0.2912662636040355,0.14954275599964853
1.0,0.9,0.1,0.65,6,300,2,6,0.3313909044070571,0.33416956336857256,0.15119149636910162
1.0,0.9,0.1,0.65,6,300,3,6,0.36000931138038644,0.3638637611420064,0.15033774337669528
1.0,0.9,0.1,0.65,6,300,4,6,0.22748784360619745,0.2457953088278048,0.137786145651584
1.0,0.9,0.1,0.65,6,300,5,6,0.2736772138173013,0.2776659947321688,0.13979674179316912
1.0,0.9,0.1,0.65,6,300,6,6,0.38755896265204653,0.39253787925076217,0.14106324165623566
1.0,0.9,0.1,0.65,6,300,7,6,0.3030869102001966,0.3100552441692907,0.14751819012619674
1.0,0.9,0.1,0.65,6,300,8,6,0.37100992851755593,0.3736930417028665,0.16203171137866854
1.0,0.9,0.1,0.65,6,300,9,6,0.3828156205319316,0.3909424568054041,0.17255739905079756
1.0,0.9,0.1,0.65,6,300,10,6,0.3428880139397504,0.34615388722054224,0.17369101663241363
1.0,0.9,0.1,0.65,6,300,11,6,0.22133617654648974,0.22722438112180932,0.10719967006351235
1.0,0.9,0.1,0.65,6,300,12,6,0.31396869576442404,0.3177599381866036,0.14259496267759417
1.0,0.9,0.1,0.65,6,300,13,6,0.25703102308857345,0.2531928436004574,0.10868110569863997
1.0,0.9,0.1,0.65,6,300,14,6,0.28250095115560925,0.2911101114213253,0.1355187167869696
1.0,0.9,0.1,0.65,6,300,15,6,0.2926496308838869,0.29607935757466014,0.121994018050393
1.0,0.9,0.1,0.65,6,300,16,6,0.40752168374880343,0.41218699034133915,0.1724318079891591
1.0,0.9,0.1,0.65,6,300,17,6,0.28575619612124414,0.29116326225060757,0.14703703703703705
1.0,0.9,0.1,0.65,6,300,18,6,0.3019077679491208,0.3041242857191566,0.1539241989462342
1.0,0.9,0.1,0.65,6,300,19,6,0.2794156070349814,0.2924257486337513,0.13069593452449252
1.0,0.9,0.1,0.65,6,300,20,6,0.36777759467916377,0.37161707942248223,0.15879827740354757
1.0,0.9,0.1,0.65,6,300,21,6,0.3025885696139696,0.3118123177190923,0.13710146558910943
1.0,0.9,0.1,0.65,6,300,22,6,0.2686216618107613,0.27883369624501336,0.16479343443259833
1.0,0.9,0.1,0.65,6,300,23,6,0.2937970288351838,0.29939718436887075,0.14229519412881272
1.0,0.9,0.1,0.75,6,300,0,6,0.21693272951668596,0.22345964798706455,0.10906462585034014
1.0,0.9,0.1,0.75,6,300,1,6,0.21636098447053967,0.2183484096414083,0.11954122511849502
1.0,0.9,0.1,0.75,6,300,2,6,0.2341129012146944,0.23566206591746527,0.1338132948358504
1.0,0.9,0.1,0.75,6,300,3,6,0.24015706455125688,0.2488873616788818,0.11639202398347365
1.0,0.9,0.1,0.75,6,300,4,6,0.1594082144532862,0.1715871775918462,0.10612156549453966
1.0,0.9,0.1,0.75,6,300,5,6,0.15510587032613857,0.1588202072711011,0.10555780595388671
1.0,0.9,0.1,0.75,6,300,6,6,0.2975988993607082,0.3071094390231119,0.10944360568598688
1.0,0.9,0.1,0.75,6,300,7,6,0.19889246201437707,0.2042768974972824,0.09682884798103873
1.0,0.9,0.1,0.75,6,300,8,6,0.29678677796572683,0.30030691748396626,0.14241765759380767
1.0,0.9,0.1,0.75,6,300,9,6,0.31462656077906115,0.3119827488800978,0.15532658011554332
1.0,0.9,0.1,0.75,6,300,10,6,0.23758981360883577,0.24214457730496616,0.14626662591772757
1.0,0.9,0.1,0.75,6,300,11,6,0.1368662034740867,0.13391875317451465,0.06214852289699103
1.0,0.9,0.1,0.75,6,300,12,6,0.22469355682252937,0.22758278247490613,0.1201998295129919
1.0,0.9,0.1,0.75,6,300,13,6,0.18294956301015972,0.184244419958813,0.07314234408544801
1.0,0.9,0.1,0.75,6,300,14,6,0.17367510198131267,0.17891435975659875,0.09399811125137424
1.0,0.9,0.1,0.75,6,300,15,6,0.17877751863312374,0.18087632179895544,0.06277582481129779
1.0,0.9,0.1,0.75,6,300,16,6,0.3033308479395496,0.30712042179682514,0.15480247197359653
1.0,0.9,0.1,0.75,6,300,17,6,0.17919446166674258,0.18237785695489586,0.10267407407407407
1.0,0.9,0.1,0.75,6,300,18,6,0.21022540217088384,0.21332372647427833,0.12987218295711886
1.0,0.9,0.1,0.75,6,300,19,6,0.1957600090190287,0.20417254810526475,0.1001180221449452
1.0,0.9,0.1,0.75,6,300,20,6,0.24410397867040692,0.25003710664003137,0.11950622086634861
1.0,0.9,0.1,0.75,6,300,21,6,0.2048927567267268,0.21795281321925797,0.10935100750754807
1.0,0.9,0.1,0.75,6,300,22,6,0.2001674787633477,0.20224819218086554,0.13348838539632693
1.0,0.9,0.1,0.75,6,300,23,6,0.21625308825715384,0.2191940203150443,0.11440880058691327
1.0,0.9,0.3,0.65,6,300,0,6,0.29459086198078094,0.2921870957303714,0.1406699085884354
1.0,0.9,0.3,0.65,6,300,1,6,0.2947525567364572,0.2972065938161607,0.14840102905321798
1.0,0.9,0.3,0.65,6,300,2,6,0.32715418137310603,0.3317049735485996,0.1475278560096631
1.0,0.9,0.3,0.65,6,300,3,6,0.343566816609664,0.3443585821349637,0.1513649501617689
1.0,0.9,0.3,0.65,6,300,4,6,0.23336942758566295,0.2516013248205633,0.12392176494797923
1.0,0.9,0.3,0.65,6,300,5,6,0.2739616090198577,0.28008029034449705,0.1323574772017866
1.0,0.9,0.3,0.65,6,300,6,6,0.3725486818699239,0.3812454704306767,0.14093161880568691
1.0,0.9,0.3,0.65,6,300,7,6,0.29527487620266785,0.30461782196067566,0.14750307183907094
1.0,0.9,0.3,0.65,6,300,8,6,0.37222447941339865,0.3742217779538161,0.15901719264428202
1.0,0.9,0.3,0.65,6,300,9,6,0.37896204895782687,0.38207890356577234,0.16846359725696336
1.0,0.9,0.3,0.65,6,300,10,6,0.33807945406813467,0.34230202479619587,0.166856454438108
1.0,0.9,0.3,0.65,6,300,11,6,0.21803560858704232,0.22180719893555645,0.10005798907004952
1.0,0.9,0.3,0.65,6,300,12,6,0.2917622776662642,0.2996622931177583,0.14249144893418467
1.0,0.9,0.3,0.65,6,300,13,6,0.26188974237915696,0.2597442928690483,0.1045592474561239
1.0,0.9,0.3,0.65,6,300,14,6,0.28750572586864764,0.29297804352412743,0.13639487466593928
1.0,0.9,0.3,0.65,6,300,15,6,0.27800344539452443,0.27763761917064705,0.11956209105526878
1.0,0.9,0.3,0.65,6,300,16,6,0.40357271166569064,0.40910400569472394,0.1658246731045043
1.0,0.9,0.3,0.65,6,300,17,6,0.30049465372331474,0.30296149974400394,0.13306666666666667
1.0,0.9,0.3,0.65,6,300,18,6,0.3058736040614827,0.31254434653941776,0.1550308128332968
1.0,0.9,0.3,0.65,6,300,19,6,0.2764466749965881,0.288682721851441,0.12639827317707594
1.0,0.9,0.3,0.65,6,300,20,6,0.3660350670432519,0.374003453143698,0.15608498324495132
1.0,0.9,0.3,0.65,6,300,21,6,0.3196768011745164,0.32645451571779277,0.13342036733491708
1.0,0.9,0.3,0.65,6,300,22,6,0.29092066232457786,0.2901936035626886,0.16498644066410503
1.0,0.9,0.3,0.65,6,300,23,6,0.30598148200100095,0.30953119512480876,0.1318317850757157
1.0,0.9,0.3,0.75,6,300,0,6,0.2086896990012855,0.21289165689831002,0.10475659013605443
1.0,0.9,0.3,0.75,6,300,1,6,0.21134279277682758,0.21365336285034342,0.11138498295057504
1.0,0.9,0.3,0.75,6,300,2,6,0.23394447855254796,0.2387677784561615,0.1236260341413038
1.0,0.9,0.3,0.75,6,300,3,6,0.21356635026680523,0.22279058955814582,0.11324634863245442
1.0,0.9,0.3,0.75,6,300,4,6,0.1652696129751131,0.1805613624227909,0.10447810858387108
1.0,0.9,0.3,0.75,6,300,5,6,0.1621167081835506,0.17103980219117568,0.10697524567814065
1.0,0.9,0.3,0.75,6,300,6,6,0.2948079665005107,0.30308558178221395,0.10849026347231465
1.0,0.9,0.3,0.75,6,300,7,6,0.1943734262700829,0.20088590073295354,0.09910416242777136
1.0,0.9,0.3,0.75,6,300,8,6,0.3001855540343994,0.3019822683440343,0.13955237184792732
1.0,0.9,0.3,0.75,6,300,9,6,0.2918092732918462,0.291503788274851,0.14957559802780804
1.0,0.9,0.3,0.75,6,300,10,6,0.23506117051237796,0.23885869949705996,0.13985529177353984
1.0,0.9,0.3,0.75,6,300,11,6,0.15894311657437127,0.1520509137017245,0.0603811311940764
1.0,0.9,0.3,0.75,6,300,12,6,0.2120783011685425,0.2109302721687295,0.11727183008858856
1.0,0.9,0.3,0.75,6,300,13,6,0.19265001309407195,0.20181875069110078,0.07762149127355969
1.0,0.9,0.3,0.75,6,300,14,6,0.18508032182122158,0.19059099823608547,0.09833251133763493
1.0,0.9,0.3,0.75,6,300,15,6,0.16884595859624837,0.1700791302638548,0.05764958815501134
1.0,0.9,0.3,0.75,6,300,16,6,0.29497239062044706,0.3031940938701195,0.14571170162625244
1.0,0.9,0.3,0.75,6,300,17,6,0.2378067431715382,0.23889497201000576,0.11071851851851851
1.0,0.9,0.3,0.75,6,300,18,6,0.202083506492329,0.2075325909211867,0.12747742066318454
1.0,0.9,0.3,0.75,6,300,19,6,0.19348971293944783,0.20438507047334908,0.0962194273804366
1.0,0.9,0.3,0.75,6,300,20,6,0.2733321898981527,0.27560026958226064,0.12462558779167776
1.0,0.9,0.3,0.75,6,300,21,6,0.20079640469800977,0.21249987210955198,0.1031340742428782
1.0,0.9,0.3,0.75,6,300,22,6,0.19864125507675753,0.1952558768286573,0.1318980073039274
1.0,0.9,0.3,0.75,6,300,23,6,0.20960709447587877,0.21797157088454389,0.1058557372825377
1.0,0.9,0.5,0.65,6,300,0,6,0.300151132308914,0.29307050057058187,0.14442376169217688
1.0,0.9,0.5,0.65,6,300,1,6,0.28693890510642045,0.29318551951110144,0.1534385304766208
1.0,0.9,0.5,0.65,6,300,2,6,0.3331125331624463,0.3380276312964184,0.14105433499966788
1.0,0.9,0.5,0.65,6,300,3,6,0.3207309881113763,0.32361635967439606,0.14850966078624697
1.0,0.9,0.5,0.65,6,300,4,6,0.23512042247509146,0.25474555462759546,0.13059850854904204
1.0,0.9,0.5,0.65,6,300,5,6,0.2781816149665796,0.2842056400196442,0.12695660165063063
1.0,0.9,0.5,0.65,6,300,6,6,0.3714806145664202,0.37859233527618863,0.13919497233811462
1.0,0.9,0.5,0.65,6,300,7,6,0.29227157416051774,0.30252201406952867,0.14678634228952872
1.0,0.9,0.5,0.65,6,300,8,6,0.35921876073455333,0.36681955072194145,0.15566521292309965
1.0,0.9,0.5,0.65,6,300,9,6,0.3724759669019499,0.37765980577305713,0.16617168112780364
1.0,0.9,0.5,0.65,6,300,10,6,0.33954334254073787,0.34504340892841956,0.1466389837841494
1.0,0.9,0.5,0.65,6,300,11,6,0.20411339837189155,0.20301549638647376,0.09573838919655366
1.0,0.9,0.5,0.65,6,300,12,6,0.2942225804485665,0.29573105204118916,0.1379800974313525
1.0,0.9,0.5,0.65,6,300,13,6,0.2794310359904209,0.28488397116480507,0.1501738592974134
1.0,0.9,0.5,0.65,6,300,14,6,0.28944019479654415,0.2954388294973731,0.13446631937429898
1.0,0.9,0.5,0.65,6,300,15,6,0.24324463090849527,0.24827761480365892,0.11829492515649588
1.0,0.9,0.5,0.65,6,300,16,6,0.40775116470307965,0.4107127771412049,0.15592782579060127
1.0,0.9,0.5,0.65,6,300,17,6,0.32679473395074266,0.33255816690915846,0.12937777777777779
1.0,0.9,0.5,0.65,6,300,18,6,0.3139741963959622,0.3205667763068568,0.14991607654868874
1.0,0.9,0.5,0.65,6,300,19,6,0.27493090562539146,0.2881960078317692,0.11868544011743837
1.0,0.9,0.5,0.65,6,300,20,6,0.364890515152047,0.37496597177378144,0.14289640534250594
1.0,0.9,0.5,0.65,6,300,21,6,0.3122783469409186,0.31893753399774755,0.12267955439927813
1.0,0.9,0.5,0.65,6,300,22,6,0.30486612921178213,0.30102974538994237,0.12899849810505273
1.0,0.9,0.5,0.65,6,300,23,6,0.3072397292001601,0.31496323610389654,0.130826148134472
1.0,0.9,0.5,0.75,6,300,0,6,0.20144059041467596,0.2022122271434217,0.10227253401360543
1.0,0.9,0.5,0.75,6,300,1,6,0.21067735966648385,0.21392803130587537,0.10655164585734402
1.0,0.9,0.5,0.75,6,300,2,6,0.22969884721855371,0.23220876622238137,0.14421338589145585
1.0,0.9,0.5,0.75,6,300,3,6,0.19854307750351533,0.2068343840592822,0.1180600632633735
1.0,0.9,0.5,0.75,6,300,4,6,0.16719064320412072,0.17941352612348196,0.10291986431897944
1.0,0.9,0.5,0.75,6,300,5,6,0.16269880763088923,0.17534543568186609,0.10164646736132578
1.0,0.9,0.5,0.75,6,300,6,6,0.26685006105191206,0.27943943107733177,0.12044126988909643
1.0,0.9,0.5,0.75,6,300,7,6,0.19404489576226477,0.19974230881104207,0.09748818114297415
1.0,0.9,0.5,0.75,6,300,8,6,0.2946484739915424,0.2927790613801364,0.136601780632929
1.0,0.9,0.5,0.75,6,300,9,6,0.2734686108195519,0.2772740634908681,0.1479504730026227
1.0,0.9,0.5,0.75,6,300,10,6,0.2287616616650454,0.2356813396026843,0.13720329472495085
1.0,0.9,0.5,0.75,6,300,11,6,0.155085232649406,0.1472417843316929,0.066599673828288
1.0,0.9,0.5,0.75,6,300,12,6,0.19589110833477597,0.1952533902582244,0.11259683193962149
1.0,0.9,0.5,0.75,6,300,13,6,0.2181511807404655,0.22552213395447254,0.07432398084041787
1.0,0.9,0.5,0.75,6,300,14,6,0.18426987368161926,0.19105693351555023,0.0897763019136984
1.0,0.9,0.5,0.75,6,300,15,6,0.1546407231580479,0.15476828429522652,0.058424284648127954
1.0,0.9,0.5,0.75,6,300,16,6,0.2722558345882426,0.2824475186031357,0.1394150947455568
1.0,0.9,0.5,0.75,6,300,17,6,0.20210598844550412,0.208261046964074,0.07985185185185185
1.0,0.9,0.5,0.75,6,300,18,6,0.20622622963308254,0.21101387658469992,0.12188185807643608
1.0,0.9,0.5,0.75,6,300,19,6,0.19719927919629376,0.20302772150553014,0.09527055851166248
1.0,0.9,0.5,0.75,6,300,20,6,0.2814674854151051,0.2858319158069779,0.12062560144141193
1.0,0.9,0.5,0.75,6,300,21,6,0.19125756288932227,0.1935287941331193,0.0879548626152357
1.0,0.9,0.5,0.75,6,300,22,6,0.21862294929147807,0.21677899908675777,0.12958427739242576
1.0,0.9,0.5,0.75,6,300,23,6,0.22901489930445715,0.23817490366066052,0.0968857805301066
