profile_name,config_hash,strategy,panel_size,mean_expertise,expertise_heterogeneity,bias_std,n_items,prevalence_a,n_experts,n,eie_mean,eie_std,eie_ci95,mv_mean,mv_std,mv_ci95
manuscript_contrast,fda4da941cf0,expertise_threshold,3,0.62,0.08,0.1,300,0.5,96,91,0.06696622604928777,0.03366712840080177,0.006917377078911947,0.0721703316272143,0.024399931988278237,0.0050133034291902
manuscript_contrast,fda4da941cf0,expertise_threshold,3,0.62,0.08,0.2,300,0.5,96,92,0.0691044758149289,0.03783907966485399,0.007732193654280483,0.07451966309391855,0.02684420714829671,0.00548545604186675
manuscript_contrast,fda4da941cf0,expertise_threshold,3,0.62,0.08,0.35,300,0.5,96,91,0.06855600826502808,0.038737652225746,0.007959186313937494,0.08239524598984364,0.03610456622715517,0.007418182385220413
manuscript_contrast,fda4da941cf0,expertise_threshold,3,0.62,0.08,0.5,300,0.5,96,83,0.06864505695484045,0.04015809911630879,0.008639531102904774,0.08699626564721737,0.04077931352867855,0.008773177897831419
manuscript_contrast,fda4da941cf0,expertise_threshold,3,0.68,0.08,0.1,300,0.5,96,90,0.03539796431647325,0.021270824715703324,0.004394597915705968,0.04047601726990928,0.018084334533199253,0.00373626222343204
manuscript_contrast,fda4da941cf0,expertise_threshold,3,0.68,0.08,0.2,300,0.5,96,90,0.035475825804874725,0.022067914447132846,0.004559278360361448,0.043855797485486486,0.020500227958423028,0.0042353909762169835
manuscript_contrast,fda4da941cf0,expertise_threshold,3,0.68,0.08,0.35,300,0.5,96,84,0.03582590322435784,0.021651911219275916,0.004630337698130456,0.049468152884662275,0.026327925512032814,0.005630319872335638
manuscript_contrast,fda4da941cf0,expertise_threshold,3,0.68,0.08,0.5,300,0.5,96,72,0.037054942908128656,0.02143259629004696,0.004950677163874443,0.05423809700552378,0.027466918964541183,0.006344534588321963
manuscript_contrast,fda4da941cf0,expertise_threshold,3,0.74,0.08,0.1,300,0.5,96,74,0.020886595244269036,0.012391967999698064,0.002823452557933584,0.024452841708619527,0.0148231899634547,0.003377395230529272
manuscript_contrast,fda4da941cf0,expertise_threshold,3,0.74,0.08,0.2,300,0.5,96,75,0.01992274454226477,0.013007122720484241,0.002943788995189197,0.026444644598338993,0.01628243327413485,0.0036850615556824787
manuscript_contrast,fda4da941cf0,expertise_threshold,3,0.74,0.08,0.35,300,0.5,96,65,0.020669651832204816,0.011559567880925714,0.002810224350790057,0.02881518414585411,0.017287991980155668,0.004202850533804386
manuscript_contrast,fda4da941cf0,expertise_threshold,3,0.74,0.08,0.5,300,0.5,96,58,0.021101164989861733,0.011717171468064823,0.0030155383778075282,0.030775748936539372,0.018917380497287698,0.0048685885542119065
manuscript_contrast,fda4da941cf0,expertise_threshold,3,0.8,0.08,0.1,300,0.5,96,62,0.00786735035309721,0.006497528454786058,0.0016173664003325543,0.008639686186664327,0.008151840107696312,0.002029158068766849
manuscript_contrast,fda4da941cf0,expertise_threshold,3,0.8,0.08,0.2,300,0.5,96,56,0.009273604538430763,0.00734548622774499,0.0019239004962441808,0.010390631770539097,0.009300214581576266,0.002435875161141629
manuscript_contrast,fda4da941cf0,expertise_threshold,3,0.8,0.08,0.35,300,0.5,96,59,0.00954046191914439,0.007390196037821254,0.001885758285233547,0.01208463058571725,0.011317589152457168,0.0028879122291060972
manuscript_contrast,fda4da941cf0,expertise_threshold,3,0.8,0.08,0.5,300,0.5,96,59,0.010443217485787176,0.0070876371606501,0.0018085542562096201,0.01595961105692529,0.016894758347740714,0.004311039973530032
manuscript_contrast,fda4da941cf0,expertise_threshold,6,0.62,0.08,0.1,300,0.5,96,96,0.07751702445295337,0.022824526319968886,0.004565856186879626,0.07346132686257262,0.015927556784569908,0.0031861749359977164
manuscript_contrast,fda4da941cf0,expertise_threshold,6,0.62,0.08,0.2,300,0.5,96,96,0.0772742461545856,0.0227264733191917,0.004546241501607978,0.07664793898914084,0.01752977103836998,0.0035066845387323664
manuscript_contrast,fda4da941cf0,expertise_threshold,6,0.62,0.08,0.35,300,0.5,96,96,0.07610097739512754,0.024411305205038987,0.004883278072794896,0.08337993869424727,0.020537735619490148,0.004108402773761264
manuscript_contrast,fda4da941cf0,expertise_threshold,6,0.62,0.08,0.5,300,0.5,96,96,0.07595399884580752,0.022399875928577718,0.0044809084166778,0.08911465016493576,0.023292387438669508,0.0046594479028028045
manuscript_contrast,fda4da941cf0,expertise_threshold,6,0.68,0.08,0.1,300,0.5,96,96,0.041426225285212774,0.01345245771820407,0.0026910520043371636,0.04575838770917202,0.011212969669574739,0.0022430610923272467
manuscript_contrast,fda4da941cf0,expertise_threshold,6,0.68,0.08,0.2,300,0.5,96,96,0.04084856633355944,0.012395698294657479,0.0024796560925708718,0.048153321516872495,0.011583893297445597,0.002317261271443003
manuscript_contrast,fda4da941cf0,expertise_threshold,6,0.68,0.08,0.35,300,0.5,96,96,0.04122105647604205,0.012442603374547887,0.0024890390627237435,0.053075871402954576,0.014769020942696685,0.0029544195003236473
manuscript_contrast,fda4da941cf0,expertise_threshold,6,0.68,0.08,0.5,300,0.5,96,96,0.041808069789847885,0.012556627726192907,0.0025118486835726053,0.0582418313948116,0.016975376198070453,0.0033957824732931746
manuscript_contrast,fda4da941cf0,expertise_threshold,6,0.74,0.08,0.1,300,0.5,96,96,0.021820087944509976,0.006965326471006723,0.0013933554859124815,0.02633959738874341,0.008067056246009953,0.0016137473415396022
manuscript_contrast,fda4da941cf0,expertise_threshold,6,0.74,0.08,0.2,300,0.5,96,96,0.02135614995874888,0.007432134073873848,0.00148673645477704,0.027698400802189143,0.0085940861436715,0.001719175278364001
manuscript_contrast,fda4da941cf0,expertise_threshold,6,0.74,0.08,0.35,300,0.5,96,96,0.02199756249613019,0.0074956362606698095,0.0014994395377851224,0.03133654177933385,0.010551985262184585,0.0021108366727005
manuscript_contrast,fda4da941cf0,expertise_threshold,6,0.74,0.08,0.5,300,0.5,96,96,0.022492660914486932,0.007502940003418081,0.0015009005906256978,0.03535286460130522,0.011793963075916063,0.0023592839791329616
manuscript_contrast,fda4da941cf0,expertise_threshold,6,0.8,0.08,0.1,300,0.5,96,96,0.00966757925668564,0.0037442142360064237,0.0007489988398802399,0.011821317220732689,0.005510399197519635,0.0011023094155588084
manuscript_contrast,fda4da941cf0,expertise_threshold,6,0.8,0.08,0.2,300,0.5,96,96,0.010205375110656435,0.0041386741024967,0.0008279072472943568,0.013410794279386533,0.006432760147082372,0.0012868200331751188
manuscript_contrast,fda4da941cf0,expertise_threshold,6,0.8,0.08,0.35,300,0.5,96,96,0.010436564246644145,0.003939420948928696,0.0007880483152306579,0.014750577846701996,0.006787349348625362,0.001357752646495086
manuscript_contrast,fda4da941cf0,expertise_threshold,6,0.8,0.08,0.5,300,0.5,96,96,0.011322016168733023,0.004337762983538719,0.000867733318008883,0.01760632634586821,0.008185137006437753,0.00163736841314445
manuscript_contrast,fda4da941cf0,expertise_threshold,9,0.62,0.08,0.1,300,0.5,96,96,0.07795200884253749,0.022096510200385194,0.004420222632117038,0.07373591020600606,0.01634772438207113,0.0032702259606579255
manuscript_contrast,fda4da941cf0,expertise_threshold,9,0.62,0.08,0.2,300,0.5,96,96,0.07758675491560933,0.02176441398842594,0.004353789553824112,0.07694780092685326,0.017888968876494292,0.0035785390713751236
manuscript_contrast,fda4da941cf0,expertise_threshold,9,0.62,0.08,0.35,300,0.5,96,96,0.07516746997139954,0.023015906864186142,0.004604140269081947,0.08274321953751318,0.02127346084294041,0.004255578470476373
manuscript_contrast,fda4da941cf0,expertise_threshold,9,0.62,0.08,0.5,300,0.5,96,96,0.07279992767872097,0.01901791058969125,0.0038043744483536646,0.08896850619863865,0.02360160372648901,0.004721304043036893
manuscript_contrast,fda4da941cf0,expertise_threshold,9,0.68,0.08,0.1,300,0.5,96,96,0.04077408747348007,0.011468428059182901,0.0022941634132399168,0.04554629560908153,0.011537849459908753,0.0023080505856422056
manuscript_contrast,fda4da941cf0,expertise_threshold,9,0.68,0.08,0.2,300,0.5,96,96,0.0406855144912767,0.011570481581200392,0.0023145783694306504,0.04774431362518313,0.01174431414803733,0.002349352125067332
manuscript_contrast,fda4da941cf0,expertise_threshold,9,0.68,0.08,0.35,300,0.5,96,96,0.04046892823546097,0.01239442506593423,0.00247940139378055,0.05267829838178084,0.014798935834708846,0.002960403725050101
manuscript_contrast,fda4da941cf0,expertise_threshold,9,0.68,0.08,0.5,300,0.5,96,96,0.040556313003326336,0.011776226756223774,0.002355735976258148,0.05804405566145419,0.01919501587198566,0.003839802883430783
manuscript_contrast,fda4da941cf0,expertise_threshold,9,0.74,0.08,0.1,300,0.5,96,96,0.020937864564640075,0.00645116703347281,0.0012905021773269318,0.026023373684281637,0.008300491000178498,0.0016604440178084408
manuscript_contrast,fda4da941cf0,expertise_threshold,9,0.74,0.08,0.2,300,0.5,96,96,0.020521405880407923,0.006143751215125227,0.001229006205998976,0.027426008864468193,0.009195080806853632,0.001839399249836786
manuscript_contrast,fda4da941cf0,expertise_threshold,9,0.74,0.08,0.35,300,0.5,96,96,0.021313374940133384,0.007054383235126429,0.001411170549048477,0.030701745753502912,0.011051534900606211,0.00221076741278536
manuscript_contrast,fda4da941cf0,expertise_threshold,9,0.74,0.08,0.5,300,0.5,96,96,0.022698109276051714,0.007105522325603497,0.0014214004977174156,0.034563646640123624,0.012729147560684302,0.002546359838048693
manuscript_contrast,fda4da941cf0,expertise_threshold,9,0.8,0.08,0.1,300,0.5,96,96,0.009438282145035398,0.0035937551939513057,0.0007189007629953621,0.011718491218620397,0.005419054568094315,0.0010840366840438969
manuscript_contrast,fda4da941cf0,expertise_threshold,9,0.8,0.08,0.2,300,0.5,96,96,0.009814758087986214,0.0035405150784730377,0.0007082505217925923,0.012957691445206011,0.0058612666534955185,0.0011724975247087725
manuscript_contrast,fda4da941cf0,expertise_threshold,9,0.8,0.08,0.35,300,0.5,96,96,0.010324923408414422,0.0037492610321788497,0.0007500084093759991,0.01452656710765964,0.006897617441615863,0.0013798108591185664
manuscript_contrast,fda4da941cf0,expertise_threshold,9,0.8,0.08,0.5,300,0.5,96,96,0.010827801686878512,0.0035210177182980096,0.0007043502374521858,0.01729036243721937,0.007945121290628162,0.0015893552703692242
manuscript_contrast,fda4da941cf0,expertise_threshold,12,0.62,0.08,0.1,300,0.5,96,96,0.07964375484277315,0.0223727468260905,0.0044754814659188095,0.07482075447034192,0.01774117771531996,0.003548974681816529
manuscript_contrast,fda4da941cf0,expertise_threshold,12,0.62,0.08,0.2,300,0.5,96,96,0.07903865899273566,0.022693078773159996,0.00453956120110713,0.07800076724595408,0.019407261959836216,0.003882260943666873
manuscript_contrast,fda4da941cf0,expertise_threshold,12,0.62,0.08,0.35,300,0.5,96,96,0.07631581821223626,0.023314795227987833,0.004663930394227122,0.08288490713368096,0.021819302189418768,0.004364769480792872
manuscript_contrast,fda4da941cf0,expertise_threshold,12,0.62,0.08,0.5,300,0.5,96,96,0.07332676474052115,0.020026827454318944,0.004006199855103829,0.08905654590425509,0.02484483522487523,0.004970002138631722
manuscript_contrast,fda4da941cf0,expertise_threshold,12,0.68,0.08,0.1,300,0.5,96,96,0.041537780080267955,0.012304794269780768,0.0024614715003222925,0.0464184334755926,0.012952728777532712,0.002591085396332208
manuscript_contrast,fda4da941cf0,expertise_threshold,12,0.68,0.08,0.2,300,0.5,96,96,0.04116759017454363,0.012791394614266689,0.0025588118421222897,0.04844400578722511,0.013228366270927747,0.002646224378710679
manuscript_contrast,fda4da941cf0,expertise_threshold,12,0.68,0.08,0.35,300,0.5,96,96,0.040959964512391554,0.013036925472903397,0.0026079282432366247,0.0529918856270381,0.015763782922157226,0.003153413340314922
manuscript_contrast,fda4da941cf0,expertise_threshold,12,0.68,0.08,0.5,300,0.5,96,96,0.04006451091392538,0.01255750127284226,0.0025120234292964616,0.05809260743087652,0.019387665868538153,0.003878340908988491
manuscript_contrast,fda4da941cf0,expertise_threshold,12,0.74,0.08,0.1,300,0.5,96,96,0.020991745478632414,0.0066030162569837465,0.0013208783484211682,0.026284317314362454,0.008697142953779729,0.0017397909339721992
manuscript_contrast,fda4da941cf0,expertise_threshold,12,0.74,0.08,0.2,300,0.5,96,96,0.02012457054889961,0.006465480154151233,0.0012933653977805345,0.027712258265817274,0.009601418105773555,0.0019206836385783097
manuscript_contrast,fda4da941cf0,expertise_threshold,12,0.74,0.08,0.35,300,0.5,96,96,0.021102842952533712,0.00734003447770096,0.001468312698458943,0.030644324426515962,0.011224632264794879,0.0022453940972621336
manuscript_contrast,fda4da941cf0,expertise_threshold,12,0.74,0.08,0.5,300,0.5,96,96,0.022055329287291644,0.007535004582887632,0.001507314842404612,0.034321548902569075,0.01380638163322567,0.0027618515326354675
manuscript_contrast,fda4da941cf0,expertise_threshold,12,0.8,0.08,0.1,300,0.5,96,96,0.009572898169217916,0.003844633045362384,0.0007690867854327337,0.01192873318297732,0.005671323253274909,0.0011345009311805436
manuscript_contrast,fda4da941cf0,expertise_threshold,12,0.8,0.08,0.2,300,0.5,96,96,0.010051772013974223,0.003644710366107719,0.0007290939203377044,0.01301836557305057,0.006088498801485198,0.0012179534213268295
manuscript_contrast,fda4da941cf0,expertise_threshold,12,0.8,0.08,0.35,300,0.5,96,96,0.010553485004664348,0.0038669988294235944,0.0007735608740555916,0.015036201685622114,0.007225686612739503,0.0014454383614684763
manuscript_contrast,fda4da941cf0,expertise_threshold,12,0.8,0.08,0.5,300,0.5,96,96,0.010793835595424106,0.004124650434083999,0.0008251019293531534,0.017651792292502078,0.009177781034759854,0.0018359385746692634
manuscript_contrast,fda4da941cf0,ideological_selection,3,0.62,0.08,0.1,300,0.5,96,23,0.27739749820769793,0.12860941954448152,0.052561158806734606,0.16931790131690305,0.048640361921686796,0.019878744468624164
manuscript_contrast,fda4da941cf0,ideological_selection,3,0.62,0.08,0.2,300,0.5,96,17,0.26472865072525736,0.16328751766846086,0.07762195871036878,0.18482063783530378,0.054366306733896794,0.025844101721860406
manuscript_contrast,fda4da941cf0,ideological_selection,3,0.62,0.08,0.35,300,0.5,96,25,0.24210504528725085,0.11046651478079861,0.043302873794073056,0.17398848035997425,0.05293713281695664,0.020751356064247002
manuscript_contrast,fda4da941cf0,ideological_selection,3,0.62,0.08,0.5,300,0.5,96,21,0.21817289312004165,0.14177568069790125,0.06063846026018874,0.19078042204392395,0.06892341959276668,0.02947903349431187
manuscript_contrast,fda4da941cf0,ideological_selection,3,0.68,0.08,0.1,300,0.5,96,47,0.18767048113256712,0.10525539141381314,0.0300920304764195,0.13582016256835552,0.0416308293873445,0.011902061926285196
manuscript_contrast,fda4da941cf0,ideological_selection,3,0.68,0.08,0.2,300,0.5,96,42,0.15239114128146197,0.08961210903078744,0.027101799296412713,0.1361825283324307,0.05135332795854519,0.015531021449982734
manuscript_contrast,fda4da941cf0,ideological_selection,3,0.68,0.08,0.35,300,0.5,96,47,0.160539825151747,0.07363926892885707,0.021053127018989058,0.1397281226032813,0.055193036706321266,0.015779434386624647
manuscript_contrast,fda4da941cf0,ideological_selection,3,0.68,0.08,0.5,300,0.5,96,48,0.15773972838584235,0.10120331171326531,0.028630582037662312,0.1446521914707012,0.0526212335035303,0.014886632830893153
manuscript_contrast,fda4da941cf0,ideological_selection,3,0.74,0.08,0.1,300,0.5,96,71,0.11657347346147007,0.07621247978768084,0.01772772433494792,0.10968717898668044,0.04194624885075491,0.00975708359815774
manuscript_contrast,fda4da941cf0,ideological_selection,3,0.74,0.08,0.2,300,0.5,96,66,0.11326862631595883,0.07107633588285549,0.017147828628050317,0.10936232785696949,0.04281209056035846,0.010328815955672808
manuscript_contrast,fda4da941cf0,ideological_selection,3,0.74,0.08,0.35,300,0.5,96,67,0.11465803754872744,0.08329740271699751,0.01994573891626759,0.1111171844703801,0.048099699737933516,0.011517574637749377
manuscript_contrast,fda4da941cf0,ideological_selection,3,0.74,0.08,0.5,300,0.5,96,64,0.1130114697598544,0.07512548195702454,0.018405743079471012,0.11307376347187648,0.045647467328374616,0.01118362949545178
manuscript_contrast,fda4da941cf0,ideological_selection,3,0.8,0.08,0.1,300,0.5,96,79,0.07212348247245295,0.050253724726733374,0.011081812102636876,0.08490939029463128,0.03702269805160575,0.008164142768949825
manuscript_contrast,fda4da941cf0,ideological_selection,3,0.8,0.08,0.2,300,0.5,96,80,0.07234816938954143,0.05530180504529491,0.012118542345252585,0.08693271737432362,0.03952384941050782,0.008661045373407325
manuscript_contrast,fda4da941cf0,ideological_selection,3,0.8,0.08,0.35,300,0.5,96,75,0.07358080799424634,0.054699297195227585,0.01237961635237801,0.08907409944408634,0.041798430982272455,0.009459875468693046
manuscript_contrast,fda4da941cf0,ideological_selection,3,0.8,0.08,0.5,300,0.5,96,74,0.07640760304919124,0.060370512233631574,0.01375514181395247,0.09201265584667433,0.040919301907821615,0.009323273562626256
manuscript_contrast,fda4da941cf0,ideological_selection,6,0.62,0.08,0.1,300,0.5,96,93,0.2511102906054456,0.08130221072888524,0.016524067179326953,0.18705972879334484,0.04390412479389056,0.008923185495693457
manuscript_contrast,fda4da941cf0,ideological_selection,6,0.62,0.08,0.2,300,0.5,96,93,0.24448842776386942,0.07962860444275907,0.016183919199883785,0.1876519187252028,0.042518602983937004,0.008641588534665665
manuscript_contrast,fda4da941cf0,ideological_selection,6,0.62,0.08,0.35,300,0.5,96,93,0.24856985896762304,0.08423946857919959,0.01712104290245272,0.18800293008662364,0.04406787286580381,0.008956466068466597
manuscript_contrast,fda4da941cf0,ideological_selection,6,0.62,0.08,0.5,300,0.5,96,94,0.2472611909457957,0.08637133772683966,0.017460705628654195,0.19591460591888846,0.04849087291710161,0.009802845248961406
manuscript_contrast,fda4da941cf0,ideological_selection,6,0.68,0.08,0.1,300,0.5,96,96,0.17515821691090253,0.06090544029384335,0.01218362552115611,0.14027996215132277,0.03517565987538557,0.007036597474931586
manuscript_contrast,fda4da941cf0,ideological_selection,6,0.68,0.08,0.2,300,0.5,96,96,0.1742561469374686,0.05456691257705448,0.010915655899982044,0.14163018461985352,0.037213885920426196,0.007444327601180296
manuscript_contrast,fda4da941cf0,ideological_selection,6,0.68,0.08,0.35,300,0.5,96,96,0.17580902355719094,0.05197575920440431,0.010397317271972132,0.1453902034601666,0.03619160588275682,0.007239829003080907
manuscript_contrast,fda4da941cf0,ideological_selection,6,0.68,0.08,0.5,300,0.5,96,96,0.18127194799732674,0.053518969571533015,0.01070602363913327,0.1497351670914244,0.03660658810415701,0.007322842736486074
manuscript_contrast,fda4da941cf0,ideological_selection,6,0.74,0.08,0.1,300,0.5,96,96,0.11596986806498792,0.038357099287412516,0.007673017903507022,0.10957263811339168,0.031112185012583424,0.006223733208551476
manuscript_contrast,fda4da941cf0,ideological_selection,6,0.74,0.08,0.2,300,0.5,96,96,0.11524312725087542,0.03834792326655579,0.007671182317041292,0.11075019449769487,0.030576165296146447,0.006116506933435219
manuscript_contrast,fda4da941cf0,ideological_selection,6,0.74,0.08,0.35,300,0.5,96,96,0.11506956388541194,0.03862623020749233,0.007726855300143462,0.11420979064084728,0.03371452004290128,0.006744308633948806
manuscript_contrast,fda4da941cf0,ideological_selection,6,0.74,0.08,0.5,300,0.5,96,96,0.11294516539143262,0.036618930200926034,0.007325311670040353,0.11704611106998103,0.0325177324128959,0.006504901246989788
manuscript_contrast,fda4da941cf0,ideological_selection,6,0.8,0.08,0.1,300,0.5,96,96,0.06870248421308887,0.026657572751313474,0.005332625166783495,0.0803584132349152,0.026029779704226305,0.00520704040204666
manuscript_contrast,fda4da941cf0,ideological_selection,6,0.8,0.08,0.2,300,0.5,96,96,0.06764367133421421,0.02716531379472834,0.005434194529139998,0.08156591385930903,0.026724761158547314,0.005346065647455674
manuscript_contrast,fda4da941cf0,ideological_selection,6,0.8,0.08,0.35,300,0.5,96,96,0.06713166348430558,0.024349904508706787,0.00487099537543255,0.08385698906185997,0.028737072833202235,0.005748611819974264
manuscript_contrast,fda4da941cf0,ideological_selection,6,0.8,0.08,0.5,300,0.5,96,96,0.06779380665936291,0.025973858260657075,0.005195853783515329,0.08742754414418075,0.029237355835970768,0.00584868926348217
manuscript_contrast,fda4da941cf0,ideological_selection,9,0.62,0.08,0.1,300,0.5,96,95,0.2479311747311368,0.07430710352715703,0.014942546006502648,0.18653703749142628,0.04466488167832232,0.008981739533279092
manuscript_contrast,fda4da941cf0,ideological_selection,9,0.62,0.08,0.2,300,0.5,96,95,0.24022355502581383,0.07385083235815569,0.014850793635455762,0.18557976003881393,0.042950597934219174,0.008637011203165955
manuscript_contrast,fda4da941cf0,ideological_selection,9,0.62,0.08,0.35,300,0.5,96,96,0.24394352265412625,0.08031266037072915,0.016065878086487958,0.19000167400204426,0.04664934893423416,0.00933181330729013
manuscript_contrast,fda4da941cf0,ideological_selection,9,0.62,0.08,0.5,300,0.5,96,96,0.25202291957706463,0.08153671301524273,0.016310739612272574,0.19501941725009644,0.044572307268062786,0.008916318439666159
manuscript_contrast,fda4da941cf0,ideological_selection,9,0.68,0.08,0.1,300,0.5,96,96,0.1832355001714843,0.06749197878930906,0.013501207630771776,0.14505380023394507,0.03985579109660167,0.007972818704333518
manuscript_contrast,fda4da941cf0,ideological_selection,9,0.68,0.08,0.2,300,0.5,96,96,0.1769917136555955,0.06221479159916836,0.012445550332843737,0.14474886519179364,0.03987594753873467,0.007976850832524408
manuscript_contrast,fda4da941cf0,ideological_selection,9,0.68,0.08,0.35,300,0.5,96,96,0.17732978135230607,0.05537930324278597,0.011078167879214148,0.14780855798195627,0.04229292985233764,0.00846034799235321
manuscript_contrast,fda4da941cf0,ideological_selection,9,0.68,0.08,0.5,300,0.5,96,96,0.18474769880018194,0.06558947793345368,0.01312062819698737,0.15462551347857068,0.04219722744994888,0.008441203524690648
manuscript_contrast,fda4da941cf0,ideological_selection,9,0.74,0.08,0.1,300,0.5,96,96,0.11862385986686134,0.04629649052279269,0.00926122692409921,0.11129296517675191,0.03449778669361275,0.00690099459680266
manuscript_contrast,fda4da941cf0,ideological_selection,9,0.74,0.08,0.2,300,0.5,96,96,0.11602121000854997,0.044945253690429544,0.008990923261955422,0.11161972593295715,0.03527547391012643,0.007056564440364741
manuscript_contrast,fda4da941cf0,ideological_selection,9,0.74,0.08,0.35,300,0.5,96,96,0.11478077646449365,0.049494173920421124,0.009900896826557188,0.11378225654741876,0.03716187572159914,0.007433923394548959
manuscript_contrast,fda4da941cf0,ideological_selection,9,0.74,0.08,0.5,300,0.5,96,96,0.1140800494618488,0.04177866769844801,0.008357474136217116,0.1165553362120408,0.036323058222216084,0.007266124947583149
manuscript_contrast,fda4da941cf0,ideological_selection,9,0.8,0.08,0.1,300,0.5,96,96,0.06850710814851017,0.02844993659435546,0.005691172609440948,0.08137388025995294,0.028478065528574587,0.0056967995682016374
manuscript_contrast,fda4da941cf0,ideological_selection,9,0.8,0.08,0.2,300,0.5,96,96,0.06828739344227666,0.02993909516918263,0.005989066366218317,0.08158681929406336,0.028617437554719804,0.005724679779993649
manuscript_contrast,fda4da941cf0,ideological_selection,9,0.8,0.08,0.35,300,0.5,96,96,0.06578979252715733,0.027470048950409522,0.005495154256252029,0.08393588367239208,0.029930759803849356,0.005987398945880944
manuscript_contrast,fda4da941cf0,ideological_selection,9,0.8,0.08,0.5,300,0.5,96,96,0.06652555916746791,0.028939550656103687,0.005789115820251881,0.08653523763168869,0.030908859978409486,0.006183059730722568
manuscript_contrast,fda4da941cf0,ideological_selection,12,0.62,0.08,0.1,300,0.5,96,95,0.25151224101882474,0.08800630712585569,0.017697342927784736,0.18708939587651777,0.04548187059718393,0.009146029270429602
manuscript_contrast,fda4da941cf0,ideological_selection,12,0.62,0.08,0.2,300,0.5,96,95,0.24864272007116223,0.08764883393226806,0.01762545801520269,0.18868580084236894,0.04565261984112007,0.009180365535900627
manuscript_contrast,fda4da941cf0,ideological_selection,12,0.62,0.08,0.35,300,0.5,96,95,0.2577433115675136,0.08495238467170242,0.017083224295710762,0.19207934662237316,0.04707382016498882,0.009466157206088713
manuscript_contrast,fda4da941cf0,ideological_selection,12,0.62,0.08,0.5,300,0.5,96,94,0.25745139061055905,0.083341308810124,0.0168481593331643,0.19620036712661132,0.044495508732325516,0.008995148161644385
manuscript_contrast,fda4da941cf0,ideological_selection,12,0.68,0.08,0.1,300,0.5,96,95,0.177200489365431,0.05767487448975972,0.011597941846401469,0.1441021761333781,0.0400188983762624,0.008047470588034825
manuscript_contrast,fda4da941cf0,ideological_selection,12,0.68,0.08,0.2,300,0.5,96,96,0.17960054856716434,0.06413627326069413,0.012829926718546759,0.143572627225536,0.040793351731271014,0.008160369892225405
manuscript_contrast,fda4da941cf0,ideological_selection,12,0.68,0.08,0.35,300,0.5,96,96,0.18164357262769215,0.06408188503236323,0.01281904680694041,0.14762791191621624,0.04127226793112303,0.008256173084959273
manuscript_contrast,fda4da941cf0,ideological_selection,12,0.68,0.08,0.5,300,0.5,96,96,0.18127491445341395,0.06295320838366358,0.012593264453904534,0.15384703411718692,0.04141272626748208,0.008284270604052263
manuscript_contrast,fda4da941cf0,ideological_selection,12,0.74,0.08,0.1,300,0.5,96,96,0.11672591285560614,0.0482397800977522,0.00964996580105741,0.11114465034842493,0.03589566394168684,0.007180628285236902
manuscript_contrast,fda4da941cf0,ideological_selection,12,0.74,0.08,0.2,300,0.5,96,96,0.11380836271120147,0.04544966377819542,0.009091826294406762,0.11080800423646209,0.03615054326666478,0.007231614769098348
manuscript_contrast,fda4da941cf0,ideological_selection,12,0.74,0.08,0.35,300,0.5,96,96,0.11457976593036696,0.05381882570918661,0.010766007359368538,0.11308166682717564,0.037144858321849855,0.007430519205614624
manuscript_contrast,fda4da941cf0,ideological_selection,12,0.74,0.08,0.5,300,0.5,96,95,0.11317517246592859,0.056778392381093175,0.011417666684042857,0.11611456677453291,0.03680110335293047,0.007400398533099189
manuscript_contrast,fda4da941cf0,ideological_selection,12,0.8,0.08,0.1,300,0.5,96,96,0.06691331996866091,0.02895997190830958,0.005793200921489954,0.08123221459646533,0.02876995443942922,0.005755189511143901
manuscript_contrast,fda4da941cf0,ideological_selection,12,0.8,0.08,0.2,300,0.5,96,96,0.06704521854415547,0.03129777823344645,0.0062608595849695916,0.08172947151499292,0.029799606950459936,0.005961162911069957
manuscript_contrast,fda4da941cf0,ideological_selection,12,0.8,0.08,0.35,300,0.5,96,96,0.06331563423330734,0.028896991893037054,0.005780602294541438,0.08256286615101695,0.02963469417966535,0.0059281734862612085
manuscript_contrast,fda4da941cf0,ideological_selection,12,0.8,0.08,0.5,300,0.5,96,96,0.06575192546566637,0.03020066885626482,0.006041392001403318,0.08548907354380741,0.02975653199748472,0.005952546125872125
manuscript_contrast,fda4da941cf0,random_selection,3,0.62,0.08,0.1,300,0.5,96,23,0.22460697770371152,0.14071508908894534,0.057508603726726205,0.15865263806243243,0.0455034653494104,0.018596731693201484
manuscript_contrast,fda4da941cf0,random_selection,3,0.62,0.08,0.2,300,0.5,96,26,0.18498860085829796,0.11360773362523688,0.04366940689516395,0.1572111355583735,0.039512486486875685,0.015188110833431334
manuscript_contrast,fda4da941cf0,random_selection,3,0.62,0.08,0.35,300,0.5,96,28,0.20413494509610516,0.12006944378113248,0.04447434436238183,0.16716370498852692,0.045927903926675256,0.017011933683982943
manuscript_contrast,fda4da941cf0,random_selection,3,0.62,0.08,0.5,300,0.5,96,28,0.23486390701313695,0.12535129219941835,0.04643076839523523,0.18223887502877428,0.05407247750090768,0.020028725953675188
manuscript_contrast,fda4da941cf0,random_selection,3,0.68,0.08,0.1,300,0.5,96,55,0.16408634061662775,0.09891569509022581,0.026142067625912202,0.1287480275474902,0.04286357937746768,0.01132825877382062
manuscript_contrast,fda4da941cf0,random_selection,3,0.68,0.08,0.2,300,0.5,96,52,0.15760296574270358,0.0848999586729097,0.02307607163033466,0.13482957328904763,0.045550320180297726,0.012380718055645251
manuscript_contrast,fda4da941cf0,random_selection,3,0.68,0.08,0.35,300,0.5,96,50,0.1649461342102173,0.09404176826903116,0.02606704824665988,0.13021143060744186,0.03976774318915558,0.011023056025562524
manuscript_contrast,fda4da941cf0,random_selection,3,0.68,0.08,0.5,300,0.5,96,47,0.15602318231533202,0.10599792259025445,0.030304316711747024,0.14250301709025093,0.04670271844428341,0.013352091592455768
manuscript_contrast,fda4da941cf0,random_selection,3,0.74,0.08,0.1,300,0.5,96,67,0.1026877629709871,0.06992772886003866,0.01674434228866141,0.09314555184835781,0.033198244687941664,0.007949389769975768
manuscript_contrast,fda4da941cf0,random_selection,3,0.74,0.08,0.2,300,0.5,96,67,0.10520341515398467,0.06761800371777874,0.016191273727659872,0.09765641102458347,0.03712810025806154,0.008890401981923838
manuscript_contrast,fda4da941cf0,random_selection,3,0.74,0.08,0.35,300,0.5,96,73,0.10832318423422849,0.0674355701454929,0.015469763523641102,0.10538702555812599,0.04195477750641751,0.009624453167830659
manuscript_contrast,fda4da941cf0,random_selection,3,0.74,0.08,0.5,300,0.5,96,72,0.10939015914046027,0.0737335130842217,0.01703157258683633,0.11303398153876969,0.04618156509146353,0.010667397295047391
manuscript_contrast,fda4da941cf0,random_selection,3,0.8,0.08,0.1,300,0.5,96,79,0.07154440975462402,0.0469718369287295,0.010358099300905617,0.06437892072933918,0.029120828815496963,0.006421644464389696
manuscript_contrast,fda4da941cf0,random_selection,3,0.8,0.08,0.2,300,0.5,96,77,0.06975439230387605,0.04132435785733081,0.009230321380761743,0.06769111936831342,0.028964228921193946,0.006469529240153631
manuscript_contrast,fda4da941cf0,random_selection,3,0.8,0.08,0.35,300,0.5,96,72,0.06505804920404988,0.04088547418061348,0.009444062708078836,0.07393211047512116,0.0320798769155758,0.007410073512166923
manuscript_contrast,fda4da941cf0,random_selection,3,0.8,0.08,0.5,300,0.5,96,70,0.06367480818738845,0.04339769331981629,0.010166552268453049,0.08005071069363055,0.036315681018754035,0.008507486020531056
manuscript_contrast,fda4da941cf0,random_selection,6,0.62,0.08,0.1,300,0.5,96,92,0.25267878875291233,0.09697360994444254,0.01981598754743346,0.17060211399705175,0.0348094855847718,0.007113113900530145
manuscript_contrast,fda4da941cf0,random_selection,6,0.62,0.08,0.2,300,0.5,96,92,0.24627940658960226,0.0743769080223127,0.015198484247736488,0.17566302341899878,0.037587165356537285,0.0076807164451770564
manuscript_contrast,fda4da941cf0,random_selection,6,0.62,0.08,0.35,300,0.5,96,94,0.24844956379490812,0.08108683571249857,0.016392398288570392,0.18446041030010957,0.04263000932309384,0.008618021479433687
manuscript_contrast,fda4da941cf0,random_selection,6,0.62,0.08,0.5,300,0.5,96,93,0.25323612376723503,0.09182413253180624,0.0186625692098175,0.1881701982502848,0.03797786688968403,0.007718717832966854
manuscript_contrast,fda4da941cf0,random_selection,6,0.68,0.08,0.1,300,0.5,96,96,0.18029723093802189,0.054960689685567596,0.010994427727355443,0.13033577448155156,0.025525473586623913,0.005106158167959654
manuscript_contrast,fda4da941cf0,random_selection,6,0.68,0.08,0.2,300,0.5,96,96,0.18106342181986623,0.055867454978276436,0.011175818563849613,0.13446459143569675,0.027984683948442494,0.005598102696750347
manuscript_contrast,fda4da941cf0,random_selection,6,0.68,0.08,0.35,300,0.5,96,96,0.18096186791848615,0.06496878670861164,0.012996464092578005,0.14043405771787498,0.03182187760982789,0.006365701295445633
manuscript_contrast,fda4da941cf0,random_selection,6,0.68,0.08,0.5,300,0.5,96,95,0.18237148579093296,0.06258481272828059,0.012585289953589783,0.14719771039091098,0.035935122372125886,0.007226256896133086
manuscript_contrast,fda4da941cf0,random_selection,6,0.74,0.08,0.1,300,0.5,96,96,0.11698535604324727,0.03966331497959006,0.007934315461928214,0.09765554054817312,0.023400662267916653,0.004681107379633607
manuscript_contrast,fda4da941cf0,random_selection,6,0.74,0.08,0.2,300,0.5,96,96,0.11593416150650587,0.04264921337669336,0.008531619540825156,0.10028052897261923,0.023745843143654525,0.0047501579358198015
manuscript_contrast,fda4da941cf0,random_selection,6,0.74,0.08,0.35,300,0.5,96,96,0.1194513862255512,0.04202422478076542,0.008406595783160132,0.10773512642178051,0.02562427331112603,0.005125922229086537
manuscript_contrast,fda4da941cf0,random_selection,6,0.74,0.08,0.5,300,0.5,96,96,0.11655829069371922,0.039605999603531485,0.007922849998824541,0.1136786373725673,0.025248573441796887,0.005050766602689789
manuscript_contrast,fda4da941cf0,random_selection,6,0.8,0.08,0.1,300,0.5,96,96,0.07328378131808844,0.02896411668892081,0.005794030050293406,0.07069589201459357,0.020807751498464207,0.004162417199046
manuscript_contrast,fda4da941cf0,random_selection,6,0.8,0.08,0.2,300,0.5,96,96,0.07261534413164653,0.03063543760355078,0.006128363864338356,0.07149240841299162,0.020634782062441234,0.004127816105532149
manuscript_contrast,fda4da941cf0,random_selection,6,0.8,0.08,0.35,300,0.5,96,96,0.07350014682952088,0.03026503227883867,0.006054267367448065,0.07761428906332374,0.02292277696213999,0.004585510408664257
manuscript_contrast,fda4da941cf0,random_selection,6,0.8,0.08,0.5,300,0.5,96,96,0.07368055835033942,0.031032161089363117,0.006207725089924534,0.0838366874360698,0.025605109614902193,0.005122088691437585
manuscript_contrast,fda4da941cf0,random_selection,9,0.62,0.08,0.1,300,0.5,96,96,0.24571271978473797,0.06866811467285483,0.013736483808039053,0.17161001027460962,0.02988367646634796,0.005977980316779248
manuscript_contrast,fda4da941cf0,random_selection,9,0.62,0.08,0.2,300,0.5,96,96,0.24940127126217768,0.07833537211662123,0.01567033805723598,0.17402024013623016,0.028847562483130553,0.005770714353215885
manuscript_contrast,fda4da941cf0,random_selection,9,0.62,0.08,0.35,300,0.5,96,95,0.2572687717737481,0.07350892395557838,0.014782038674045456,0.18313491490187425,0.03167150637398328,0.006368878863856228
manuscript_contrast,fda4da941cf0,random_selection,9,0.62,0.08,0.5,300,0.5,96,96,0.24761888818075584,0.06503614341733645,0.013009938240560211,0.19527350840630162,0.0368512924153561,0.007371793793676994
manuscript_contrast,fda4da941cf0,random_selection,9,0.68,0.08,0.1,300,0.5,96,96,0.1819303743376823,0.060027362692429045,0.01200797341811683,0.1323237500512636,0.02601193444222463,0.005203470606171179
manuscript_contrast,fda4da941cf0,random_selection,9,0.68,0.08,0.2,300,0.5,96,96,0.1843423388561646,0.07023984082559517,0.014050894520356511,0.13439400645447536,0.027639625104285873,0.005529076551964522
manuscript_contrast,fda4da941cf0,random_selection,9,0.68,0.08,0.35,300,0.5,96,95,0.17537733645448222,0.051314858573920104,0.010318995071282045,0.14164893563051997,0.03157347793004153,0.006349166151827156
manuscript_contrast,fda4da941cf0,random_selection,9,0.68,0.08,0.5,300,0.5,96,95,0.17825724410794275,0.05852494157050947,0.011768883329244683,0.15141826606563552,0.036393054097512326,0.007318343191381067
manuscript_contrast,fda4da941cf0,random_selection,9,0.74,0.08,0.1,300,0.5,96,96,0.11505625964990894,0.0399222770903377,0.007986118673041956,0.09755095774400875,0.022588534283481676,0.00451864794760472
manuscript_contrast,fda4da941cf0,random_selection,9,0.74,0.08,0.2,300,0.5,96,96,0.11979801125716366,0.0412110526509723,0.00824392747855809,0.10088937695475765,0.023426317396471847,0.004686239474197009
manuscript_contrast,fda4da941cf0,random_selection,9,0.74,0.08,0.35,300,0.5,96,96,0.11845887409179934,0.04398979622820164,0.008799791962928336,0.10705766616118335,0.02811278986458477,0.005623729217169408
manuscript_contrast,fda4da941cf0,random_selection,9,0.74,0.08,0.5,300,0.5,96,96,0.11851727725311588,0.046195149335272315,0.009240954464485413,0.1138118414904562,0.03277818185702465,0.006557001986745523
manuscript_contrast,fda4da941cf0,random_selection,9,0.8,0.08,0.1,300,0.5,96,96,0.07229091166870169,0.034657754600415557,0.00693299484279851,0.06901368426104668,0.021916255880517543,0.004384164258329038
manuscript_contrast,fda4da941cf0,random_selection,9,0.8,0.08,0.2,300,0.5,96,96,0.07051867960802156,0.030040941560955183,0.006009439887730536,0.0710049016148824,0.02307758642584789,0.004616478751128381
manuscript_contrast,fda4da941cf0,random_selection,9,0.8,0.08,0.35,300,0.5,96,96,0.07214466711255701,0.030759538714591205,0.006153189256887547,0.07563395576766611,0.025106789865598722,0.005022403980416398
manuscript_contrast,fda4da941cf0,random_selection,9,0.8,0.08,0.5,300,0.5,96,96,0.0713709463352476,0.03001387468115898,0.00600402538410209,0.08192802837230855,0.0286400282679619,0.005729198863823758
manuscript_contrast,fda4da941cf0,random_selection,12,0.62,0.08,0.1,300,0.5,96,96,0.24076046616520222,0.07457277658274572,0.014917662191974273,0.17198579786263934,0.03805801454728064,0.007613188494914314
manuscript_contrast,fda4da941cf0,random_selection,12,0.62,0.08,0.2,300,0.5,96,94,0.24476418819196227,0.08317963541947716,0.016815475672631003,0.1753101480628776,0.038447333641474665,0.007772457768844217
manuscript_contrast,fda4da941cf0,random_selection,12,0.62,0.08,0.35,300,0.5,96,96,0.24840272125164606,0.0834085905123462,0.016685193098466205,0.18429464450264613,0.03849885352563774,0.007701374656963535
manuscript_contrast,fda4da941cf0,random_selection,12,0.62,0.08,0.5,300,0.5,96,95,0.23915827176539942,0.07825415314486943,0.015736265149128917,0.1942171935880474,0.043382032131552305,0.008723769063941308
manuscript_contrast,fda4da941cf0,random_selection,12,0.68,0.08,0.1,300,0.5,96,95,0.18461612202256222,0.05746841979806125,0.011556425509705134,0.13166955896759855,0.02901874284082808,0.00583542998404547
manuscript_contrast,fda4da941cf0,random_selection,12,0.68,0.08,0.2,300,0.5,96,96,0.1903041809743797,0.0692509792125822,0.013853080999477749,0.13720429246220947,0.033063349721526414,0.006614047440402781
manuscript_contrast,fda4da941cf0,random_selection,12,0.68,0.08,0.35,300,0.5,96,96,0.1768744217440564,0.05774489812359024,0.011551385411563166,0.1418090924239255,0.03297600985914537,0.006596575829144639
manuscript_contrast,fda4da941cf0,random_selection,12,0.68,0.08,0.5,300,0.5,96,96,0.17866725129467587,0.06719751671115541,0.013442302947165573,0.14949325819818657,0.036397785841008286,0.007281073584668102
manuscript_contrast,fda4da941cf0,random_selection,12,0.74,0.08,0.1,300,0.5,96,96,0.119561479088103,0.04436048534417309,0.008873945229893898,0.09795332696359577,0.027302019487286718,0.00546154136312898
manuscript_contrast,fda4da941cf0,random_selection,12,0.74,0.08,0.2,300,0.5,96,96,0.11575213923151095,0.042522474127435546,0.008506266410721509,0.10050343395435868,0.02577728595874023,0.005156531133472382
manuscript_contrast,fda4da941cf0,random_selection,12,0.74,0.08,0.35,300,0.5,96,96,0.11739128178814788,0.04574294784848423,0.009150495327361452,0.10763606615509957,0.028567822038529474,0.005714754609657709
manuscript_contrast,fda4da941cf0,random_selection,12,0.74,0.08,0.5,300,0.5,96,96,0.11652543419766816,0.0454862079833884,0.009099136657961996,0.11271525164023118,0.028729617375550104,0.00574712041783212
manuscript_contrast,fda4da941cf0,random_selection,12,0.8,0.08,0.1,300,0.5,96,96,0.07032287937621899,0.0338807816296056,0.006777567878134312,0.06917050655810068,0.023573424871611137,0.004715667098064643
manuscript_contrast,fda4da941cf0,random_selection,12,0.8,0.08,0.2,300,0.5,96,96,0.07205139317832084,0.036496300380836164,0.007300780596978679,0.07151006038835149,0.024182854128661505,0.004837578339715886
manuscript_contrast,fda4da941cf0,random_selection,12,0.8,0.08,0.35,300,0.5,96,96,0.07120378789796016,0.035784588647241135,0.0071584085986924895,0.07730957909786523,0.024980897065258155,0.004997220175361234
manuscript_contrast,fda4da941cf0,random_selection,12,0.8,0.08,0.5,300,0.5,96,96,0.06902414833366904,0.0316743944656895,0.006336198522126934,0.0810349337192543,0.026004495959761464,0.005201982599774055
manuscript_contrast,fda4da941cf0,representative_sortition,3,0.62,0.08,0.1,300,0.5,96,32,0.22612482094935715,0.11715339521340053,0.04059158049526733,0.1538626928626289,0.04441193132437843,0.015387949124479024
manuscript_contrast,fda4da941cf0,representative_sortition,3,0.62,0.08,0.2,300,0.5,96,27,0.22833954860645808,0.12224751478837535,0.046112028572943095,0.14836484019352092,0.039138946148080306,0.014763295648336387
manuscript_contrast,fda4da941cf0,representative_sortition,3,0.62,0.08,0.35,300,0.5,96,26,0.18564069922095017,0.09186435980599514,0.0353115230761068,0.15500387839400284,0.0410969254598856,0.01579714956701941
manuscript_contrast,fda4da941cf0,representative_sortition,3,0.62,0.08,0.5,300,0.5,96,35,0.2510465083542521,0.12351150319348106,0.04091941879329902,0.17158610261272836,0.044285756128390204,0.014671891724585155
manuscript_contrast,fda4da941cf0,representative_sortition,3,0.68,0.08,0.1,300,0.5,96,51,0.15159224036600674,0.10420795258740057,0.02860038283867253,0.11709888169268974,0.034384246460980455,0.009436924802629816
manuscript_contrast,fda4da941cf0,representative_sortition,3,0.68,0.08,0.2,300,0.5,96,46,0.14822292035661097,0.08306387533135567,0.024004316518736704,0.11710155269289388,0.032749786793306424,0.009464237551783394
manuscript_contrast,fda4da941cf0,representative_sortition,3,0.68,0.08,0.35,300,0.5,96,51,0.16481638010127234,0.08555999489388377,0.023482359540530955,0.1328358877165888,0.039643084133974674,0.010880238551721296
manuscript_contrast,fda4da941cf0,representative_sortition,3,0.68,0.08,0.5,300,0.5,96,50,0.15858030003476048,0.08929420739886532,0.024751091512386934,0.13951188241208892,0.041431223696183586,0.01148414929754385
manuscript_contrast,fda4da941cf0,representative_sortition,3,0.74,0.08,0.1,300,0.5,96,63,0.10553810698881752,0.0745194606931106,0.01840159634400487,0.08624580594310605,0.028938834701073474,0.007146062919431017
manuscript_contrast,fda4da941cf0,representative_sortition,3,0.74,0.08,0.2,300,0.5,96,67,0.11905582746640278,0.08481739470839966,0.020309704207218233,0.0930474143861472,0.03267395671160013,0.007823847907301187
manuscript_contrast,fda4da941cf0,representative_sortition,3,0.74,0.08,0.35,300,0.5,96,70,0.1180240809655702,0.07358698957205217,0.017238841941416456,0.10074610630560613,0.036522051829274885,0.008555831438716802
manuscript_contrast,fda4da941cf0,representative_sortition,3,0.74,0.08,0.5,300,0.5,96,63,0.11024890152364418,0.06838446720715913,0.016886640751847513,0.10394998223762127,0.040228384210591814,0.009933868024937113
manuscript_contrast,fda4da941cf0,representative_sortition,3,0.8,0.08,0.1,300,0.5,96,82,0.06810847110166161,0.05288224774288918,0.011446139948210107,0.06223313231462143,0.026704464279442033,0.005780068897044421
manuscript_contrast,fda4da941cf0,representative_sortition,3,0.8,0.08,0.2,300,0.5,96,78,0.06601505251571207,0.048133872549431654,0.01068217217662423,0.06519833640837379,0.02687023158469017,0.005963211040596319
manuscript_contrast,fda4da941cf0,representative_sortition,3,0.8,0.08,0.35,300,0.5,96,76,0.06882409266689174,0.050126674812549184,0.011269850930839735,0.07222185130094771,0.03182700812377655,0.007155584097108116
manuscript_contrast,fda4da941cf0,representative_sortition,3,0.8,0.08,0.5,300,0.5,96,72,0.07077440858690988,0.046427299979308424,0.010724159158200009,0.08022848076268026,0.03471362484657344,0.008018438246002117
manuscript_contrast,fda4da941cf0,representative_sortition,6,0.62,0.08,0.1,300,0.5,96,92,0.24284640592398907,0.08134314692182373,0.01662199424560337,0.16837324786019497,0.034348247099070695,0.007018862525395337
manuscript_contrast,fda4da941cf0,representative_sortition,6,0.62,0.08,0.2,300,0.5,96,93,0.24109616199504488,0.08801824965126896,0.017889051936045446,0.1714704410770277,0.03189872658986625,0.00648317796503244
manuscript_contrast,fda4da941cf0,representative_sortition,6,0.62,0.08,0.35,300,0.5,96,93,0.24887696112191124,0.09178741741428867,0.018655107136364417,0.1777243288785909,0.0337848436106087,0.006866517164291722
manuscript_contrast,fda4da941cf0,representative_sortition,6,0.62,0.08,0.5,300,0.5,96,93,0.25218241218497484,0.09297663740883932,0.01889680721936071,0.1840438863562314,0.0311400568325156,0.006328984002469847
manuscript_contrast,fda4da941cf0,representative_sortition,6,0.68,0.08,0.1,300,0.5,96,96,0.1768165806502371,0.056427496674723535,0.011287850235779488,0.12687850337323966,0.02352847130937867,0.004706674512748127
manuscript_contrast,fda4da941cf0,representative_sortition,6,0.68,0.08,0.2,300,0.5,96,96,0.17948749282997092,0.05334186436340001,0.010670595218891523,0.13169058223114413,0.025257839421003604,0.00505262018457339
manuscript_contrast,fda4da941cf0,representative_sortition,6,0.68,0.08,0.35,300,0.5,96,96,0.17985000104235235,0.056492180216739664,0.011300789639049612,0.13970926427407798,0.0274308903744658,0.005487320909625877
manuscript_contrast,fda4da941cf0,representative_sortition,6,0.68,0.08,0.5,300,0.5,96,96,0.17786923787114306,0.05660502992639566,0.01132336428256235,0.14701983984820746,0.03202472595333378,0.006406279415280889
manuscript_contrast,fda4da941cf0,representative_sortition,6,0.74,0.08,0.1,300,0.5,96,96,0.11804993014829163,0.041157918132451864,0.008233298361146302,0.09466829533857934,0.02115605851514115,0.004232093113662316
manuscript_contrast,fda4da941cf0,representative_sortition,6,0.74,0.08,0.2,300,0.5,96,96,0.11941301390766022,0.04312017337583553,0.008625831161943216,0.09801340981289346,0.021097899942211173,0.00422045897605482
manuscript_contrast,fda4da941cf0,representative_sortition,6,0.74,0.08,0.35,300,0.5,96,96,0.11989096478964616,0.0423597363663214,0.008473712078464814,0.10400842650751639,0.02321146906140761,0.004643260856102507
manuscript_contrast,fda4da941cf0,representative_sortition,6,0.74,0.08,0.5,300,0.5,96,96,0.12528242107825488,0.045007705558257095,0.00900341623741109,0.11110489305149436,0.02692522721051405,0.00538616720973129
manuscript_contrast,fda4da941cf0,representative_sortition,6,0.8,0.08,0.1,300,0.5,96,96,0.07254442559690549,0.029225338173096235,0.00584628523022346,0.06647510015952973,0.01705280361261817,0.0034112711820090042
manuscript_contrast,fda4da941cf0,representative_sortition,6,0.8,0.08,0.2,300,0.5,96,96,0.07515541297998744,0.031508962111681506,0.006303105159028458,0.07020623443242956,0.01952219516358047,0.0039052523728004755
manuscript_contrast,fda4da941cf0,representative_sortition,6,0.8,0.08,0.35,300,0.5,96,96,0.07481583146075177,0.03087955891053229,0.006177198296396449,0.07442383090103567,0.020875594540517396,0.00417598863395566
manuscript_contrast,fda4da941cf0,representative_sortition,6,0.8,0.08,0.5,300,0.5,96,96,0.07486610817742088,0.03159728968528692,0.00632077435368182,0.08070849841734518,0.023910943211862653,0.0047831848279145045
manuscript_contrast,fda4da941cf0,representative_sortition,9,0.62,0.08,0.1,300,0.5,96,96,0.23707359332515288,0.06758767746412722,0.013520351352764921,0.1651677694490328,0.03493622037543996,0.006988699599335651
manuscript_contrast,fda4da941cf0,representative_sortition,9,0.62,0.08,0.2,300,0.5,96,96,0.24032027721827617,0.07044679916072984,0.014092294809749339,0.1703137526442521,0.03666202814586441,0.007333933054588716
manuscript_contrast,fda4da941cf0,representative_sortition,9,0.62,0.08,0.35,300,0.5,96,96,0.23877216659306902,0.071209166456256,0.014244800030850354,0.1767751951053056,0.03552333779943272,0.007106147544812481
manuscript_contrast,fda4da941cf0,representative_sortition,9,0.62,0.08,0.5,300,0.5,96,94,0.2390400431163808,0.06481039805407417,0.013101977020166484,0.18640859216385264,0.040124073616619314,0.008111425114868079
manuscript_contrast,fda4da941cf0,representative_sortition,9,0.68,0.08,0.1,300,0.5,96,96,0.1721872322419666,0.05580816148347566,0.01116395739458447,0.12675155696330406,0.030765301875750925,0.006154342129226198
manuscript_contrast,fda4da941cf0,representative_sortition,9,0.68,0.08,0.2,300,0.5,96,95,0.17507306417437665,0.05848701715546918,0.011761257041990705,0.12952269135553182,0.03141314134901795,0.0063169237870363566
manuscript_contrast,fda4da941cf0,representative_sortition,9,0.68,0.08,0.35,300,0.5,96,96,0.16678033083441038,0.0567386541196655,0.01135009468831119,0.13670346008803339,0.03359544621147309,0.006720488906770232
manuscript_contrast,fda4da941cf0,representative_sortition,9,0.68,0.08,0.5,300,0.5,96,96,0.17661218848553897,0.06201799483327297,0.012406182780653386,0.14606362010831295,0.03603694138056955,0.0072088896589603425
manuscript_contrast,fda4da941cf0,representative_sortition,9,0.74,0.08,0.1,300,0.5,96,96,0.11303598661497165,0.0493246709372585,0.009866989168035903,0.09346634414367916,0.024567008785822398,0.004914425275925122
manuscript_contrast,fda4da941cf0,representative_sortition,9,0.74,0.08,0.2,300,0.5,96,96,0.11134015901546813,0.04282529005133235,0.008566842211517002,0.0961770310866763,0.02613367198675385,0.005227823186946447
manuscript_contrast,fda4da941cf0,representative_sortition,9,0.74,0.08,0.35,300,0.5,96,96,0.1113722967969328,0.04515026962512058,0.009031934990334601,0.10418335042661946,0.028637260276707908,0.005728645150252001
manuscript_contrast,fda4da941cf0,representative_sortition,9,0.74,0.08,0.5,300,0.5,96,96,0.11108583626154232,0.045768240516650086,0.00915555491474604,0.11267835782614348,0.031524808907729275,0.006306275178452414
manuscript_contrast,fda4da941cf0,representative_sortition,9,0.8,0.08,0.1,300,0.5,96,96,0.06941121956978752,0.03349909589840331,0.0067012148299779965,0.06666603799478156,0.021243235384085398,0.004249532119442411
manuscript_contrast,fda4da941cf0,representative_sortition,9,0.8,0.08,0.2,300,0.5,96,96,0.06988800614063591,0.03342178206245517,0.006685748841714032,0.0695966705920578,0.021594122415893594,0.004319724144574413
manuscript_contrast,fda4da941cf0,representative_sortition,9,0.8,0.08,0.35,300,0.5,96,96,0.06693460257045815,0.031127931483353074,0.0062268831587400245,0.0742662251768365,0.023276554690102952,0.00465628069346034
manuscript_contrast,fda4da941cf0,representative_sortition,9,0.8,0.08,0.5,300,0.5,96,96,0.06932210853878287,0.03206937858387408,0.006415211801721456,0.08208038598837435,0.027206282177428612,0.005442389912518221
manuscript_contrast,fda4da941cf0,representative_sortition,12,0.62,0.08,0.1,300,0.5,96,94,0.25482960932763055,0.07889515024782308,0.015949330301707348,0.16860898789042744,0.03567793267532695,0.007212599645648917
manuscript_contrast,fda4da941cf0,representative_sortition,12,0.62,0.08,0.2,300,0.5,96,93,0.25038740380812635,0.07902467441791665,0.016061174932383036,0.17151900827794903,0.037385785325266804,0.007598381676565202
manuscript_contrast,fda4da941cf0,representative_sortition,12,0.62,0.08,0.35,300,0.5,96,96,0.2542639763708545,0.07871562229874089,0.015746403935767452,0.1799355695082517,0.04085874865568598,0.008173452001696467
manuscript_contrast,fda4da941cf0,representative_sortition,12,0.62,0.08,0.5,300,0.5,96,95,0.2623453931970469,0.09828788855634273,0.019764884202469295,0.18602890856833115,0.047423397036425036,0.009536454233375423
manuscript_contrast,fda4da941cf0,representative_sortition,12,0.68,0.08,0.1,300,0.5,96,96,0.17805948301720398,0.07615225054563311,0.015233622789112944,0.1288974248459476,0.032279823999977156,0.006457309652587875
manuscript_contrast,fda4da941cf0,representative_sortition,12,0.68,0.08,0.2,300,0.5,96,95,0.1722470717660832,0.060593356396023375,0.012184824500730098,0.1320502290488362,0.03319341848607643,0.006674922844489848
manuscript_contrast,fda4da941cf0,representative_sortition,12,0.68,0.08,0.35,300,0.5,96,95,0.18069906629869756,0.07338612509833087,0.014757344836082893,0.1382272246006553,0.035552180053339225,0.007149250352415294
manuscript_contrast,fda4da941cf0,representative_sortition,12,0.68,0.08,0.5,300,0.5,96,95,0.17602204502123858,0.06125987577906851,0.012318856054546993,0.14751444530538615,0.03861070778166375,0.007764295067163871
manuscript_contrast,fda4da941cf0,representative_sortition,12,0.74,0.08,0.1,300,0.5,96,96,0.11264227609307596,0.047277134393148484,0.009457396554076253,0.09490127639838349,0.02647163107278697,0.005295429084315125
manuscript_contrast,fda4da941cf0,representative_sortition,12,0.74,0.08,0.2,300,0.5,96,96,0.11218799363686945,0.049716645004335175,0.00994540031200311,0.09836361215935568,0.028354498353111292,0.005672080985012872
manuscript_contrast,fda4da941cf0,representative_sortition,12,0.74,0.08,0.35,300,0.5,96,96,0.11229031430135394,0.04984806001294677,0.00997168878878053,0.10560301236281523,0.03307272495035489,0.0066159228767623274
manuscript_contrast,fda4da941cf0,representative_sortition,12,0.74,0.08,0.5,300,0.5,96,96,0.1177603841443522,0.053202180186398475,0.010642652563923317,0.11162402257425141,0.03405831023108326,0.006813080994684541
manuscript_contrast,fda4da941cf0,representative_sortition,12,0.8,0.08,0.1,300,0.5,96,96,0.06724796877900151,0.03389277405002662,0.00677996686185066,0.06854409485786656,0.02629773838767062,0.005260643302517893
manuscript_contrast,fda4da941cf0,representative_sortition,12,0.8,0.08,0.2,300,0.5,96,96,0.06601761356095547,0.0319713974219324,0.006395611487209883,0.06930464205538904,0.02680590748628312,0.0053622982937477
manuscript_contrast,fda4da941cf0,representative_sortition,12,0.8,0.08,0.35,300,0.5,96,96,0.07003086711641718,0.03572507543163718,0.007146503476112632,0.0754888182664533,0.029610100419185707,0.005923253709531981
manuscript_contrast,fda4da941cf0,representative_sortition,12,0.8,0.08,0.5,300,0.5,96,96,0.07017366172779713,0.035751728126702985,0.007151835125539099,0.07923751468345762,0.030985450689529386,0.006198381063893823
